shantenMCS,3649e289607bc4,1,0,1,0
shantenMCS,3649e289607bc4,1,0,0,0
montecarlo,3649e4e5fcb1f2,0,0,0,0
montecarlo,3649e4e5fcb1f2,1,0,0,0
montecarlo,3649e4e5fcb1f2,1,1,0,0
montecarlo,3649e4e5fcb1f2,1,0,0,0
montecarlo,3649e4e5fcb1f2,0,0,0,0
montecarlo,3649e8356c93ee,1,0,0,0
montecarlo,3649e8356c93ee,0,0,0,0
montecarlo,3649e8356c93ee,1,0,1,0
montecarlo,3649e8356c93ee,1,0,1,0
montecarlo,3649e8356c93ee,0,0,0,0
montecarlo,3649ecb06b4c9e,1,0,1,0
montecarlo,3649ecb06b4c9e,1,1,0,0
montecarlo,3649ecb06b4c9e,1,0,1,0
montecarlo,3649ee2728e94c,0,0,0,0
montecarlo,3649ee2728e94c,1,0,0,0
montecarlo,3649ee2728e94c,1,0,0,0
montecarlo,3649ee2728e94c,1,0,0,0
montecarlo,3649ee2728e94c,1,0,0,0
montecarlo,3649ee2728e94c,1,0,0,0
montecarlo,3649ee2728e94c,1,0,0,0
montecarlo,3649f1d117ccd8,1,0,0,0
montecarlo,3649f1d117ccd8,1,0,0,0
montecarlo,3649f1d117ccd8,1,0,0,0
montecarlo,3649f1d117ccd8,1,1,0,0
montecarlo,3649f3239b1c7c,1,0,0,0
montecarlo,3649f3239b1c7c,1,0,0,0
montecarlo,3649f3239b1c7c,1,1,0,0
montecarlo,3649f3239b1c7c,0,0,0,0
montecarlo,3649f3239b1c7c,1,0,0,0
montecarlo,3649f570e2979a,1,0,0,0
montecarlo,3649f570e2979a,1,1,0,0
montecarlo,3649f570e2979a,1,0,0,0
montecarlo,3649f570e2979a,1,0,0,0
montecarlo,3649f6ec464384,1,0,0,0
montecarlo,3649f6ec464384,1,0,1,0
montecarlo,3649f6ec464384,1,0,1,0
montecarlo,3649f6ec464384,1,0,1,0
montecarlo,3649f6ec464384,1,0,1,0
montecarlo,364a01d5c158c0,1,0,0,0
montecarlo,364a01e8fc8ed2,1,1,0,0
montecarlo,364a01d5c158c0,1,1,0,0
montecarlo,364a0261053ff2,1,0,0,0
montecarlo,364a01e8fc8ed2,1,1,0,0
montecarlo,364a01d5c158c0,1,1,0,0
montecarlo,364a0261053ff2,1,0,0,0
shantenMCS,364a0314de3446,0,0,0,0
montecarlo,364a02a717d854,1,0,0,0
montecarlo,364a01e8fc8ed2,1,0,0,0
montecarlo,364a02b34ead78,1,0,0,0
montecarlo,364a01d5c158c0,1,0,0,0
montecarlo,364a02a35af4ee,0,0,0,0
montecarlo,364a0261053ff2,1,0,0,0
shantenMCS,364a03212df57c,1,0,1,0
shantenMCS,364a0314de3446,1,0,0,0
shantenMCS,364a032431d57e,1,1,0,0
shantenMCS,364a033498af32,1,0,0,0
shantenMCS,364a0314de3446,0,0,0,0
montecarlo,364a02a717d854,1,1,0,0
shantenMCS,364a033795a38c,1,0,1,0
montecarlo,364a0360d9c842,1,0,0,0
shantenMCS,364a03212df57c,1,1,0,0
montecarlo,364a01e8fc8ed2,0,0,0,0
montecarlo,364a02a35af4ee,1,0,0,0
shantenMCS,364a032431d57e,1,1,0,0
montecarlo,364a02b34ead78,1,0,0,0
shantenMCS,364a033498af32,1,0,1,0
montecarlo,364a0261053ff2,1,0,0,0
shantenMCS,364a0314de3446,1,0,0,0
shantenMCS,364a032431d57e,1,0,1,0
shantenMCS,364a033795a38c,1,0,0,0
montecarlo,364a01e8fc8ed2,1,0,0,0
shantenMCS,364a03212df57c,1,0,1,0
montecarlo,364a02a717d854,0,0,0,0
montecarlo,364a0360d9c842,1,0,0,0
montecarlo,364a02a35af4ee,1,1,0,0
montecarlo,364a0261053ff2,1,0,0,0
montecarlo,364a01e8fc8ed2,1,0,0,0
shantenMCS,364a03212df57c,1,0,0,0
shantenMCS,364a033498af32,0,0,0,0
shantenMCS,364a0314de3446,1,0,0,0
montecarlo,364a0261053ff2,1,1,0,0
montecarlo,364a02b34ead78,1,0,1,0
shantenMCS,364a033795a38c,1,0,0,0
shantenMCS,364a032431d57e,1,0,0,0
montecarlo,364a0360d9c842,1,0,0,0
montecarlo,364a02a717d854,1,0,0,0
shantenMCS,364a032431d57e,1,0,0,0
shantenMCS,364a0314de3446,1,0,1,0
shantenMCS,364a033498af32,1,0,0,0
montecarlo,364a02a35af4ee,0,0,0,0
montecarlo,364a02b34ead78,1,0,0,0
montecarlo,364a02a717d854,1,0,0,0
montecarlo,364a01e8fc8ed2,0,0,0,0
shantenMCS,364a032431d57e,1,0,1,0
shantenMCS,364a033795a38c,1,0,0,0
montecarlo,364a0261053ff2,0,0,0,0
montecarlo,364a0360d9c842,1,1,0,0
shantenMCS,364a0314de3446,1,1,0,0
shantenMCS,364a033795a38c,1,1,0,0
montecarlo,364a02b34ead78,1,1,0,0
shantenMCS,364a033498af32,1,0,0,0
montecarlo,364a02a35af4ee,1,0,0,0
shantenMCS,364a0493b0eec0,1,0,0,0
montecarlo,364a01e8fc8ed2,1,0,0,0
shantenMCS,364a0314de3446,1,0,0,0
montecarlo,364a0360d9c842,1,0,0,0
montecarlo,364a04ce6404d0,1,0,0,0
montecarlo,364a0568f49d1e,0,0,0,0
shantenMCS,364a033795a38c,1,0,0,0
montecarlo,364a055d63f034,1,0,0,0
shantenMCS,364a033498af32,1,0,0,0
montecarlo,364a02b34ead78,1,0,0,0
montecarlo,364a0568f49d1e,1,0,0,0
montecarlo,364a04ddf64528,0,0,0,0
shantenMCS,364a0518ed7658,0,0,0,0
montecarlo,364a02a35af4ee,1,0,1,0
montecarlo,364a04ce6404d0,1,0,0,0
shantenMCS,364a0514051ed4,0,0,0,0
shantenMCS,364a033498af32,1,0,0,0
shantenMCS,364a0493b0eec0,0,0,0,0
montecarlo,364a0568f49d1e,1,0,1,0
montecarlo,364a055d63f034,1,0,0,0
montecarlo,364a04ce6404d0,1,0,0,0
shantenMCS,364a0514051ed4,1,0,0,0
shantenMCS,364a0518ed7658,0,0,0,0
montecarlo,364a04ddf64528,0,0,0,0
montecarlo,364a04ce6404d0,1,1,0,0
shantenMCS,364a0493b0eec0,1,0,0,0
montecarlo,364a0568f49d1e,0,0,0,0
shantenMCS,364a0514051ed4,1,0,0,0
montecarlo,364a0568f49d1e,1,0,0,0
montecarlo,364a04ce6404d0,1,0,1,0
montecarlo,364a055d63f034,0,0,0,0
shantenMCS,364a0518ed7658,1,1,0,0
montecarlo,364a04ddf64528,1,0,0,0
montecarlo,364a04ce6404d0,1,0,0,0
shantenMCS,364a0514051ed4,1,0,1,0
shantenMCS,364a0493b0eec0,1,0,0,0
shantenMCS,364a0518ed7658,1,1,0,0
montecarlo,364a04ddf64528,1,0,0,0
montecarlo,364a055d63f034,1,0,0,0
montecarlo,364a04ce6404d0,1,0,0,0
shantenMCS,364a0518ed7658,1,0,0,0
shantenMCS,364a0514051ed4,1,0,0,0
montecarlo,364a04ddf64528,1,0,0,0
montecarlo,364a055d63f034,1,1,0,0
shantenMCS,364a0518ed7658,1,0,0,0
montecarlo,364a07868746bc,1,0,0,0
montecarlo,364a0763e59dfc,1,0,0,0
shantenMCS,364a0514051ed4,1,0,1,0
shantenMCS,364a078754c2e8,1,0,0,0
montecarlo,364a07a19e987a,1,0,0,0
montecarlo,364a055d63f034,1,0,0,0
shantenMCS,364a078754c2e8,1,0,0,0
montecarlo,364a07d09acc9a,1,0,0,0
montecarlo,364a07868746bc,1,1,0,0
montecarlo,364a0763e59dfc,1,0,0,0
shantenMCS,364a0514051ed4,1,0,0,0
montecarlo,364a07bfd1ae74,0,0,0,0
shantenMCS,364a078754c2e8,1,1,0,0
montecarlo,364a07a19e987a,1,0,0,0
montecarlo,364a0763e59dfc,1,0,0,0
montecarlo,364a055d63f034,1,0,1,0
montecarlo,364a07d09acc9a,1,1,0,0
montecarlo,364a07868746bc,1,1,0,0
shantenMCS,364a078754c2e8,1,0,0,0
shantenMCS,364a0514051ed4,1,0,0,0
montecarlo,364a07bfd1ae74,1,0,1,0
montecarlo,364a07a19e987a,1,0,0,0
montecarlo,364a07d09acc9a,1,0,1,0
montecarlo,364a08ad3dd7c8,1,0,0,0
montecarlo,364a07868746bc,1,0,0,0
montecarlo,364a07bfd1ae74,1,0,0,0
montecarlo,364a0763e59dfc,0,0,0,0
montecarlo,364a08ad3dd7c8,1,1,0,0
montecarlo,364a07a19e987a,1,0,0,0
montecarlo,364a0763e59dfc,1,0,0,0
montecarlo,364a07868746bc,1,0,1,0
montecarlo,364a07d09acc9a,1,0,1,0
montecarlo,364a07bfd1ae74,1,0,0,0
montecarlo,364a07a19e987a,1,0,0,0
montecarlo,364a08ad3dd7c8,1,0,0,0
montecarlo,364a07bfd1ae74,1,0,1,0
montecarlo,364a0763e59dfc,1,0,0,0
montecarlo,364a09d864a1a8,1,0,0,0
montecarlo,364a09d864a1a8,1,1,0,0
montecarlo,364a0a9252156c,1,0,0,0
shantenMCS,364a0a7f1af180,1,0,0,0
montecarlo,364a0a9d15569e,1,0,0,0
montecarlo,364a09d864a1a8,1,0,0,0
shantenMCS,364a0aa0d38f12,1,0,1,0
shantenMCS,364a0aa0d38f12,1,0,1,0
montecarlo,364a0a8465fa6a,1,0,0,0
montecarlo,364a0ab6142cc4,1,0,0,0
shantenMCS,364a0a7f1af180,1,0,0,0
montecarlo,364a09d864a1a8,1,0,0,0
montecarlo,364a0a9252156c,1,1,0,0
montecarlo,364a0a9d15569e,1,0,0,0
montecarlo,364a0ab6142cc4,1,0,1,0
shantenMCS,364a0a7f1af180,1,0,1,0
shantenMCS,364a0aa0d38f12,0,0,0,0
montecarlo,364a0a9252156c,1,0,1,0
montecarlo,364a09d864a1a8,1,0,0,0
shantenMCS,364a0a7f1af180,1,0,0,0
montecarlo,364a0a8465fa6a,1,0,1,0
montecarlo,364a0a9d15569e,1,0,0,0
shantenMCS,364a0a7f1af180,1,0,0,0
montecarlo,364a0a9252156c,1,0,0,0
montecarlo,364a0ab6142cc4,1,0,1,0
montecarlo,364a0bb20f2600,1,1,0,0
shantenMCS,364a0aa0d38f12,1,1,0,0
montecarlo,364a0a8465fa6a,1,0,1,0
montecarlo,364a0a9d15569e,1,0,0,0
montecarlo,364a0ab6142cc4,1,0,0,0
shantenMCS,364a0aa0d38f12,1,1,0,0
montecarlo,364a0a8465fa6a,1,0,1,0
montecarlo,364a0bb20f2600,1,0,0,0
montecarlo,364a0a9d15569e,1,1,0,0
montecarlo,364a0a9252156c,0,0,0,0
montecarlo,364a0a8465fa6a,1,1,0,0
montecarlo,364a0ab6142cc4,1,0,1,0
montecarlo,364a0a9d15569e,1,0,0,0
montecarlo,364a0bb20f2600,1,0,0,0
montecarlo,364a0a9252156c,1,0,0,0
shantenMCS,364a0aa0d38f12,1,0,1,0
shantenMCS,364a0aa0d38f12,1,0,0,0
montecarlo,364a0cce4ae132,1,0,1,0
montecarlo,364a0bb20f2600,1,0,0,0
shantenMCS,364a0aa0d38f12,1,0,1,0
montecarlo,364a0cce4ae132,1,0,0,0
montecarlo,364a0cce4ae132,1,0,0,0
montecarlo,364a0bb20f2600,1,1,0,0
montecarlo,364a0bb20f2600,1,0,0,0
montecarlo,364a0cce4ae132,1,0,0,0
montecarlo,364a0e0b937580,1,0,0,0
montecarlo,364a0cce4ae132,1,0,0,0
montecarlo,364a0e0b937580,1,0,1,0
montecarlo,364a0cce4ae132,1,0,0,0
shantenMCS,364a0ec9a580fe,1,0,0,0
montecarlo,364a0ee4b42850,1,0,0,0
montecarlo,364a0ef09acda2,1,0,0,0
montecarlo,364a0ee4b42850,1,0,0,0
shantenMCS,364a0eeea5db0e,1,1,0,0
montecarlo,364a0e0b937580,1,0,0,0
shantenMCS,364a0ef995858e,1,0,0,0
shantenMCS,364a0ec9a580fe,1,0,0,0
montecarlo,364a0efcb27b5a,1,0,1,0
montecarlo,364a0efcb27b5a,1,0,1,0
montecarlo,364a0ee4b42850,1,0,1,0
montecarlo,364a0ef09acda2,1,0,1,0
shantenMCS,364a0eeea5db0e,1,0,0,0
montecarlo,364a0e0b937580,1,1,0,0
shantenMCS,364a0ec9a580fe,1,0,0,0
montecarlo,364a0efcb27b5a,1,0,0,0
montecarlo,364a0efcb27b5a,1,1,0,0
shantenMCS,364a0ef995858e,0,0,0,0
montecarlo,364a0ee4b42850,0,0,0,0
montecarlo,364a0ef09acda2,1,0,0,0
shantenMCS,364a0eeea5db0e,1,0,0,0
montecarlo,364a0efcb27b5a,1,0,0,0
shantenMCS,364a0ec9a580fe,1,0,1,0
montecarlo,364a0e0b937580,1,0,0,0
montecarlo,364a0efcb27b5a,1,0,0,0
shantenMCS,364a0ec9a580fe,1,0,0,0
shantenMCS,364a0ef995858e,1,0,0,0
shantenMCS,364a0eeea5db0e,1,0,0,0
shantenMCS,364a106eb8e7ce,1,0,0,0
montecarlo,364a0ef09acda2,1,0,1,0
shantenMCS,364a1074cdbff4,1,0,0,0
montecarlo,364a1064272674,1,0,1,0
shantenMCS,364a1093cb6490,1,1,0,0
shantenMCS,364a0ef995858e,1,0,1,0
shantenMCS,364a108c3237b2,1,0,0,0
shantenMCS,364a0ec9a580fe,1,0,0,0
montecarlo,364a105746e654,1,0,0,0
shantenMCS,364a1093cb6490,1,0,0,0
shantenMCS,364a106eb8e7ce,1,0,0,0
montecarlo,364a1082d5ff74,1,0,0,0
shantenMCS,364a1074cdbff4,1,0,0,0
montecarlo,364a1064272674,1,0,1,0
shantenMCS,364a108c3237b2,1,0,0,0
shantenMCS,364a0ef995858e,1,0,1,0
montecarlo,364a0ef09acda2,0,0,0,0
montecarlo,364a1082d5ff74,1,0,0,0
shantenMCS,364a0ec9a580fe,1,0,0,0
shantenMCS,364a1074cdbff4,1,1,0,0
shantenMCS,364a108c3237b2,1,0,0,0
montecarlo,364a105746e654,1,0,0,0
shantenMCS,364a1093cb6490,1,0,0,0
montecarlo,364a1064272674,1,1,0,0
shantenMCS,364a106eb8e7ce,1,0,0,0
montecarlo,364a1082d5ff74,1,0,0,0
montecarlo,364a0ef09acda2,1,0,0,0
shantenMCS,364a108c3237b2,1,0,0,0
shantenMCS,364a0ec9a580fe,1,0,0,0
shantenMCS,364a1074cdbff4,1,0,1,0
montecarlo,364a1082d5ff74,1,0,0,0
montecarlo,364a105746e654,1,1,0,0
shantenMCS,364a1093cb6490,1,0,0,0
montecarlo,364a1064272674,1,0,1,0
shantenMCS,364a106eb8e7ce,0,0,0,0
montecarlo,364a105746e654,1,1,0,0
montecarlo,364a1064272674,1,0,1,0
montecarlo,364a11edcc161e,1,0,0,0
shantenMCS,364a1093cb6490,1,0,1,0
shantenMCS,364a106eb8e7ce,1,0,0,0
montecarlo,364a11edcc161e,1,0,0,0
montecarlo,364a105746e654,1,1,0,0
shantenMCS,364a1093cb6490,1,0,0,0
montecarlo,364a11edcc161e,1,0,0,0
montecarlo,364a12dd98a2ae,1,0,0,0
montecarlo,364a130e1cb1ae,1,0,1,0
shantenMCS,364a1093cb6490,0,0,0,0
shantenMCS,364a13351fdb9e,1,1,0,0
montecarlo,364a132171596a,1,0,1,0
montecarlo,364a13487e9d8a,1,0,1,0
montecarlo,364a11edcc161e,1,0,0,0
montecarlo,364a13492a4b6c,1,0,0,0
shantenMCS,364a13351fdb9e,1,0,0,0
montecarlo,364a132171596a,0,0,0,0
montecarlo,364a12dd98a2ae,1,0,0,0
montecarlo,364a13487e9d8a,1,0,0,0
montecarlo,364a130e1cb1ae,1,0,0,0
montecarlo,364a11edcc161e,1,0,0,0
shantenMCS,364a1093cb6490,0,0,0,0
montecarlo,364a13492a4b6c,1,0,1,0
montecarlo,364a132171596a,1,0,0,0
montecarlo,364a12dd98a2ae,1,0,0,0
shantenMCS,364a13351fdb9e,1,0,0,0
montecarlo,364a13487e9d8a,1,0,1,0
montecarlo,364a11edcc161e,1,0,0,0
montecarlo,364a132171596a,1,0,0,0
shantenMCS,364a1093cb6490,1,0,1,0
montecarlo,364a130e1cb1ae,1,0,0,0
montecarlo,364a1449a89158,1,0,1,0
montecarlo,364a13487e9d8a,1,1,0,0
shantenMCS,364a13351fdb9e,1,0,0,0
montecarlo,364a13492a4b6c,1,0,0,0
montecarlo,364a132171596a,1,1,0,0
montecarlo,364a12dd98a2ae,1,0,0,0
shantenMCS,364a1093cb6490,1,0,1,0
shantenMCS,364a13351fdb9e,1,0,0,0
shantenMCS,364a149451bf86,1,0,1,0
montecarlo,364a13492a4b6c,1,0,1,0
montecarlo,364a132171596a,1,0,0,0
montecarlo,364a1449a89158,1,0,0,0
montecarlo,364a12dd98a2ae,1,1,0,0
shantenMCS,364a1093cb6490,1,1,0,0
shantenMCS,364a14d164682a,1,1,0,0
montecarlo,364a130e1cb1ae,0,0,0,0
montecarlo,364a148b522646,0,0,0,0
shantenMCS,364a149451bf86,1,0,0,0
montecarlo,364a12dd98a2ae,1,0,0,0
montecarlo,364a13492a4b6c,1,0,1,0
shantenMCS,364a14bd0fde9c,1,0,0,0
shantenMCS,364a14f3789458,1,0,1,0
montecarlo,364a154461a600,0,0,0,0
shantenMCS,364a14d164682a,1,0,0,0
montecarlo,364a1449a89158,1,0,0,0
montecarlo,364a130e1cb1ae,1,0,0,0
shantenMCS,364a149451bf86,1,0,0,0
montecarlo,364a154461a600,1,1,0,0
shantenMCS,364a14bd0fde9c,1,1,0,0
montecarlo,364a1449a89158,1,0,0,0
montecarlo,364a148b522646,1,0,1,0
montecarlo,364a130e1cb1ae,1,0,0,0
shantenMCS,364a14f3789458,1,0,0,0
shantenMCS,364a14d164682a,1,0,0,0
shantenMCS,364a14bd0fde9c,1,0,0,0
montecarlo,364a1449a89158,1,0,0,0
shantenMCS,364a149451bf86,1,0,1,0
montecarlo,364a148b522646,1,0,0,0
montecarlo,364a154461a600,1,0,0,0
shantenMCS,364a149451bf86,1,0,0,0
shantenMCS,364a14bd0fde9c,1,0,0,0
montecarlo,364a148b522646,1,1,0,0
shantenMCS,364a14d164682a,1,0,0,0
shantenMCS,364a14f3789458,0,0,0,0
shantenMCS,364a163ba32fb2,1,1,0,0
montecarlo,364a15fa50db46,1,0,0,0
montecarlo,364a163902a2e8,1,0,0,0
montecarlo,364a1631878080,1,0,0,0
shantenMCS,364a14d164682a,1,0,1,0
montecarlo,364a154461a600,0,0,0,0
montecarlo,364a1650021f70,1,0,0,0
shantenMCS,364a14f3789458,0,0,0,0
montecarlo,364a148b522646,1,0,1,0
shantenMCS,364a165c1f7bb0,1,0,0,0
montecarlo,364a15fa50db46,1,0,1,0
shantenMCS,364a14bd0fde9c,0,0,0,0
shantenMCS,364a14f3789458,1,0,0,0
montecarlo,364a1650021f70,1,0,0,0
montecarlo,364a163902a2e8,1,0,0,0
shantenMCS,364a163ba32fb2,0,0,0,0
montecarlo,364a148b522646,1,0,0,0
shantenMCS,364a165c1f7bb0,1,0,0,0
montecarlo,364a1631878080,1,0,0,0
montecarlo,364a15fa50db46,1,0,1,0
shantenMCS,364a14f3789458,1,0,0,0
montecarlo,364a154461a600,0,0,0,0
shantenMCS,364a163ba32fb2,1,0,0,0
montecarlo,364a1650021f70,1,0,1,0
montecarlo,364a163902a2e8,1,0,0,0
montecarlo,364a15fa50db46,1,0,0,0
shantenMCS,364a165c1f7bb0,1,1,0,0
shantenMCS,364a14bd0fde9c,0,0,0,0
shantenMCS,364a163ba32fb2,1,0,0,0
shantenMCS,364a14f3789458,0,0,0,0
montecarlo,364a1631878080,1,0,1,0
montecarlo,364a1650021f70,1,1,0,0
montecarlo,364a177fa60eb6,1,0,1,0
montecarlo,364a154461a600,0,0,0,0
montecarlo,364a1771cbf152,1,0,0,0
shantenMCS,364a165c1f7bb0,1,0,0,0
montecarlo,364a163902a2e8,1,0,0,0
shantenMCS,364a163ba32fb2,1,1,0,0
shantenMCS,364a17b1f47ce0,1,1,0,0
shantenMCS,364a17768b8d58,1,0,0,0
shantenMCS,364a17b1f47ce0,0,0,0,0
shantenMCS,364a14f3789458,0,0,0,0
montecarlo,364a1631878080,1,0,1,0
shantenMCS,364a17a0c15198,1,0,0,0
shantenMCS,364a163ba32fb2,1,1,0,0
montecarlo,364a1771cbf152,1,1,0,0
shantenMCS,364a17a0c15198,1,1,0,0
shantenMCS,364a179fe4f4ce,0,0,0,0
montecarlo,364a177fa60eb6,1,0,0,0
montecarlo,364a1650021f70,1,0,0,0
montecarlo,364a177fa60eb6,1,0,1,0
shantenMCS,364a17768b8d58,1,0,0,0
montecarlo,364a1771cbf152,1,1,0,0
shantenMCS,364a14f3789458,1,0,1,0
shantenMCS,364a17b1f47ce0,1,0,1,0
montecarlo,364a154461a600,0,0,0,0
montecarlo,364a163902a2e8,1,0,1,0
shantenMCS,364a14f3789458,1,1,0,0
montecarlo,364a154461a600,1,0,0,0
shantenMCS,364a17a0c15198,1,1,0,0
montecarlo,364a1771cbf152,1,0,1,0
montecarlo,364a177fa60eb6,1,0,0,0
shantenMCS,364a17b1f47ce0,1,0,1,0
shantenMCS,364a179fe4f4ce,0,0,0,0
shantenMCS,364a17b1f47ce0,1,0,0,0
shantenMCS,364a17768b8d58,1,0,1,0
shantenMCS,364a14f3789458,0,0,0,0
montecarlo,364a1771cbf152,1,0,0,0
montecarlo,364a18c9cb208c,1,0,0,0
shantenMCS,364a17a0c15198,1,0,1,0
shantenMCS,364a18f32747f0,1,1,0,0
montecarlo,364a18da8cba2c,1,0,0,0
montecarlo,364a18ae3ecc9e,1,0,0,0
shantenMCS,364a1900e5c3a8,1,0,0,0
shantenMCS,364a179fe4f4ce,1,0,0,0
montecarlo,364a18c9cb208c,1,0,0,0
shantenMCS,364a17768b8d58,1,0,0,0
shantenMCS,364a1912670420,1,0,1,0
shantenMCS,364a18f32747f0,1,0,0,0
montecarlo,364a18ae3ecc9e,1,0,0,0
montecarlo,364a190a50be66,1,0,0,0
shantenMCS,364a1900e5c3a8,1,0,0,0
montecarlo,364a18c9cb208c,1,0,0,0
montecarlo,364a18da8cba2c,1,0,0,0
shantenMCS,364a1900e5c3a8,1,1,0,0
shantenMCS,364a179fe4f4ce,0,0,0,0
shantenMCS,364a1912670420,1,0,0,0
shantenMCS,364a18f32747f0,0,0,0,0
montecarlo,364a190a50be66,1,0,1,0
montecarlo,364a18ae3ecc9e,0,0,0,0
shantenMCS,364a1900e5c3a8,1,0,0,0
shantenMCS,364a17768b8d58,1,1,0,0
shantenMCS,364a179fe4f4ce,1,1,0,0
montecarlo,364a18da8cba2c,1,0,1,0
montecarlo,364a18c9cb208c,1,0,1,0
montecarlo,364a190a50be66,1,0,1,0
shantenMCS,364a18f32747f0,1,0,0,0
shantenMCS,364a1912670420,1,0,0,0
montecarlo,364a18ae3ecc9e,1,0,0,0
montecarlo,364a190a50be66,1,0,0,0
shantenMCS,364a18f32747f0,1,0,0,0
montecarlo,364a18c9cb208c,1,1,0,0
shantenMCS,364a179fe4f4ce,1,0,0,0
shantenMCS,364a1912670420,1,1,0,0
montecarlo,364a18da8cba2c,1,0,0,0
montecarlo,364a1a8285802a,1,1,0,0
montecarlo,364a1a957cb172,1,0,1,0
montecarlo,364a18ae3ecc9e,1,0,0,0
shantenMCS,364a179fe4f4ce,1,0,1,0
shantenMCS,364a1a71bb7914,1,0,0,0
montecarlo,364a18c9cb208c,1,0,1,0
montecarlo,364a190a50be66,1,0,0,0
shantenMCS,364a1a879b8fd0,0,0,0,0
montecarlo,364a18ae3ecc9e,1,0,0,0
shantenMCS,364a1aace37758,1,0,0,0
montecarlo,364a1a957cb172,1,0,0,0
montecarlo,364a1a8285802a,0,0,0,0
shantenMCS,364a1aace37758,1,0,1,0
shantenMCS,364a179fe4f4ce,1,0,0,0
shantenMCS,364a179fe4f4ce,0,0,0,0
shantenMCS,364a1a879b8fd0,1,0,0,0
shantenMCS,364a1a71bb7914,1,0,0,0
montecarlo,364a1b0cd8fc9e,1,1,0,0
montecarlo,364a18ae3ecc9e,1,0,0,0
montecarlo,364a1a957cb172,1,1,0,0
shantenMCS,364a1aace37758,1,0,0,0
shantenMCS,364a179fe4f4ce,1,0,0,0
shantenMCS,364a1a879b8fd0,1,1,0,0
montecarlo,364a1a8285802a,0,0,0,0
montecarlo,364a1b0cd8fc9e,1,0,0,0
shantenMCS,364a1a71bb7914,1,0,1,0
montecarlo,364a1b6e85cc9e,1,0,0,0
montecarlo,364a1a957cb172,1,0,1,0
shantenMCS,364a1aace37758,1,0,0,0
montecarlo,364a1b0cd8fc9e,1,0,0,0
shantenMCS,364a1a879b8fd0,1,0,1,0
shantenMCS,364a179fe4f4ce,1,0,0,0
montecarlo,364a1a8285802a,1,0,0,0
shantenMCS,364a1a71bb7914,1,0,1,0
shantenMCS,364a1aace37758,1,0,0,0
shantenMCS,364a1a879b8fd0,1,0,1,0
montecarlo,364a1b0cd8fc9e,1,0,0,0
montecarlo,364a1b6e85cc9e,1,0,0,0
shantenMCS,364a1a71bb7914,1,0,0,0
montecarlo,364a1b0cd8fc9e,1,0,0,0
montecarlo,364a1b6e85cc9e,1,0,0,0
shantenMCS,364a1a879b8fd0,1,0,0,0
montecarlo,364a1b0cd8fc9e,1,0,0,0
shantenMCS,364a1a71bb7914,1,0,0,0
montecarlo,364a1d16edc020,1,1,0,0
shantenMCS,364a1a879b8fd0,0,0,0,0
montecarlo,364a1b6e85cc9e,0,0,0,0
montecarlo,364a1d16edc020,1,1,0,0
shantenMCS,364a1a71bb7914,1,0,0,0
shantenMCS,364a1a879b8fd0,1,0,0,0
montecarlo,364a1d16edc020,1,1,0,0
montecarlo,364a1b6e85cc9e,0,0,0,0
shantenMCS,364a1a71bb7914,1,0,0,0
montecarlo,364a1d16edc020,1,0,0,0
montecarlo,364a1d16edc020,1,0,0,0
montecarlo,364a1d16edc020,1,0,0,0
montecarlo,364a1d16edc020,1,0,0,0
montecarlo,364a1b6e85cc9e,0,0,0,0
montecarlo,364a1b6e85cc9e,1,0,0,0
montecarlo,364a1f1f2db99e,1,0,0,0
montecarlo,364a1fa8b5e272,1,0,1,0
montecarlo,364a1f1f2db99e,1,0,0,0
montecarlo,364a1fa8b5e272,0,0,0,0
montecarlo,364a1f1f2db99e,1,0,1,0
montecarlo,364a1fa8b5e272,1,1,0,0
montecarlo,364a1f1f2db99e,1,0,0,0
montecarlo,364a1fa8b5e272,1,0,0,0
montecarlo,364a212fe668c4,1,0,1,0
montecarlo,364a1fa8b5e272,1,0,1,0
montecarlo,364a21a1e29256,1,0,0,0
montecarlo,364a212fe668c4,1,0,0,0
shantenMCS,364a21bd4a3132,1,0,1,0
shantenMCS,364a21c1937048,1,0,0,0
montecarlo,364a1fa8b5e272,1,0,0,0
shantenMCS,364a21cfee1dfc,1,0,0,0
montecarlo,364a21a1e29256,1,0,0,0
shantenMCS,364a21bd4a3132,1,0,0,0
shantenMCS,364a21dd2f089e,1,0,1,0
montecarlo,364a212fe668c4,1,0,0,0
shantenMCS,364a21bd4a3132,1,0,1,0
shantenMCS,364a21c1937048,1,0,1,0
montecarlo,364a2253955bb4,1,0,0,0
shantenMCS,364a21dd2f089e,1,0,0,0
montecarlo,364a212fe668c4,1,0,0,0
shantenMCS,364a21c1937048,1,0,0,0
shantenMCS,364a21cfee1dfc,1,1,0,0
shantenMCS,364a21bd4a3132,0,0,0,0
montecarlo,364a2253955bb4,1,0,0,0
montecarlo,364a21a1e29256,0,0,0,0
shantenMCS,364a21dd2f089e,1,0,0,0
shantenMCS,364a21cfee1dfc,1,0,1,0
shantenMCS,364a21c1937048,1,0,0,0
montecarlo,364a212fe668c4,1,0,0,0
shantenMCS,364a21bd4a3132,1,0,0,0
montecarlo,364a2253955bb4,1,0,1,0
shantenMCS,364a21c1937048,1,1,0,0
montecarlo,364a21a1e29256,1,0,1,0
shantenMCS,364a21cfee1dfc,1,0,0,0
shantenMCS,364a21dd2f089e,1,0,1,0
montecarlo,364a212fe668c4,1,0,0,0
montecarlo,364a21a1e29256,1,0,0,0
montecarlo,364a2253955bb4,1,0,0,0
montecarlo,364a212fe668c4,1,0,0,0
shantenMCS,364a21c1937048,1,0,0,0
montecarlo,364a212fe668c4,1,0,0,0
montecarlo,364a21a1e29256,1,1,0,0
montecarlo,364a2414025eb2,1,0,0,0
montecarlo,364a212fe668c4,1,0,1,0
montecarlo,364a24b4823ef4,1,1,0,0
montecarlo,364a2414025eb2,1,0,1,0
montecarlo,364a24b4823ef4,1,1,0,0
montecarlo,364a2414025eb2,1,0,0,0
montecarlo,364a24b4823ef4,1,0,0,0
montecarlo,364a24b4823ef4,1,0,0,0
montecarlo,364a2414025eb2,1,0,0,0
montecarlo,364a25c175a968,1,0,1,0
montecarlo,364a25e78b8070,1,0,0,0
montecarlo,364a25e78b8070,1,0,0,0
montecarlo,364a25c175a968,0,0,0,0
montecarlo,364a25e78b8070,1,1,0,0
montecarlo,364a25c175a968,1,0,0,0
montecarlo,364a25e78b8070,1,0,0,0
montecarlo,364a25c175a968,1,0,0,0
shantenMCS,364a2778853188,1,1,0,0
montecarlo,364a25e78b8070,1,0,0,0
montecarlo,364a2797cb06b4,1,1,0,0
montecarlo,364a25c175a968,1,0,1,0
montecarlo,364a278c359736,1,0,0,0
montecarlo,364a25c175a968,1,0,1,0
montecarlo,364a278914cb1e,1,0,0,0
shantenMCS,364a2795242646,1,0,0,0
montecarlo,364a27c196245e,1,1,0,0
montecarlo,364a2797cb06b4,1,0,0,0
shantenMCS,364a2778853188,1,0,1,0
montecarlo,364a278914cb1e,1,0,0,0
shantenMCS,364a2778853188,1,0,0,0
montecarlo,364a27c196245e,1,0,1,0
montecarlo,364a278c359736,1,1,0,0
montecarlo,364a2797cb06b4,1,0,0,0
shantenMCS,364a2795242646,1,0,0,0
montecarlo,364a25c175a968,1,0,1,0
montecarlo,364a27c196245e,1,1,0,0
shantenMCS,364a2778853188,1,0,0,0
montecarlo,364a278c359736,1,1,0,0
montecarlo,364a2797cb06b4,1,0,0,0
shantenMCS,364a2795242646,1,0,0,0
montecarlo,364a278914cb1e,1,1,0,0
montecarlo,364a28b2067eb6,1,0,0,0
montecarlo,364a27c196245e,1,1,0,0
montecarlo,364a278c359736,1,1,0,0
montecarlo,364a2797cb06b4,1,0,0,0
montecarlo,364a291a5a7e54,1,1,0,0
montecarlo,364a278914cb1e,1,0,1,0
montecarlo,364a28b2067eb6,1,1,0,0
shantenMCS,364a291d2bc874,1,1,0,0
shantenMCS,364a2795242646,1,0,0,0
montecarlo,364a27c196245e,1,0,1,0
shantenMCS,364a2937fc8ede,1,0,0,0
shantenMCS,364a291a0299fc,1,0,0,0
montecarlo,364a28b2067eb6,1,0,1,0
montecarlo,364a2797cb06b4,1,0,0,0
montecarlo,364a292083f1d4,1,0,0,0
shantenMCS,364a294e4f4a00,1,0,0,0
shantenMCS,364a291d2bc874,1,0,0,0
shantenMCS,364a2795242646,1,0,0,0
montecarlo,364a278c359736,1,1,0,0
montecarlo,364a291a2e9832,1,0,0,0
montecarlo,364a291e46d83a,1,0,1,0
montecarlo,364a278914cb1e,1,0,1,0
shantenMCS,364a297230cb92,1,0,0,0
shantenMCS,364a291a7f98d8,1,0,0,0
montecarlo,364a292083f1d4,1,0,1,0
montecarlo,364a291a5a7e54,0,0,0,0
montecarlo,364a2975b36090,1,0,1,0
shantenMCS,364a291a0299fc,1,0,0,0
shantenMCS,364a291d2bc874,1,0,0,0
shantenMCS,364a2937fc8ede,1,0,0,0
montecarlo,364a2797cb06b4,1,0,1,0
shantenMCS,364a294e4f4a00,1,0,0,0
montecarlo,364a291a2e9832,1,0,0,0
shantenMCS,364a29347e7518,1,0,1,0
montecarlo,364a278c359736,1,1,0,0
montecarlo,364a291e46d83a,1,1,0,0
montecarlo,364a28b2067eb6,0,0,0,0
montecarlo,364a296521baea,1,0,0,0
shantenMCS,364a2795242646,1,0,0,0
shantenMCS,364a297230cb92,1,0,0,0
montecarlo,364a292083f1d4,1,0,0,0
shantenMCS,364a291a0299fc,1,0,0,0
montecarlo,364a291a5a7e54,1,0,1,0
shantenMCS,364a294e4f4a00,1,1,0,0
montecarlo,364a2975b36090,1,0,0,0
shantenMCS,364a291d2bc874,1,0,0,0
shantenMCS,364a29347e7518,1,1,0,0
montecarlo,364a296521baea,1,1,0,0
montecarlo,364a2797cb06b4,1,0,1,0
shantenMCS,364a291a7f98d8,1,1,0,0
montecarlo,364a291e46d83a,1,0,0,0
montecarlo,364a278c359736,1,0,1,0
shantenMCS,364a2937fc8ede,1,0,0,0
montecarlo,364a2975b36090,1,0,1,0
shantenMCS,364a291a0299fc,1,0,0,0
shantenMCS,364a297230cb92,1,0,1,0
shantenMCS,364a294e4f4a00,1,0,0,0
montecarlo,364a292083f1d4,1,1,0,0
montecarlo,364a28b2067eb6,1,0,1,0
shantenMCS,364a2795242646,1,0,0,0
montecarlo,364a291a5a7e54,1,1,0,0
montecarlo,364a291a2e9832,1,1,0,0
montecarlo,364a291e46d83a,1,0,1,0
shantenMCS,364a2937fc8ede,1,0,0,0
shantenMCS,364a297230cb92,1,1,0,0
shantenMCS,364a29347e7518,1,1,0,0
montecarlo,364a2975b36090,1,0,0,0
montecarlo,364a278c359736,1,0,0,0
montecarlo,364a296521baea,1,0,1,0
shantenMCS,364a291a7f98d8,1,0,0,0
montecarlo,364a292083f1d4,1,0,0,0
shantenMCS,364a291a0299fc,0,0,0,0
shantenMCS,364a2795242646,1,0,1,0
shantenMCS,364a294e4f4a00,1,0,1,0
montecarlo,364a28b2067eb6,1,1,0,0
montecarlo,364a291a2e9832,1,0,0,0
montecarlo,364a291a5a7e54,1,0,1,0
montecarlo,364a291e46d83a,1,0,0,0
shantenMCS,364a294e4f4a00,1,0,1,0
montecarlo,364a2975b36090,1,0,0,0
montecarlo,364a291a5a7e54,1,1,0,0
shantenMCS,364a29347e7518,1,0,0,0
shantenMCS,364a291a7f98d8,1,0,1,0
montecarlo,364a296521baea,1,0,0,0
shantenMCS,364a2937fc8ede,1,0,0,0
shantenMCS,364a29347e7518,1,0,0,0
shantenMCS,364a291a0299fc,1,0,1,0
montecarlo,364a2975b36090,1,0,0,0
montecarlo,364a28b2067eb6,0,0,0,0
montecarlo,364a291a5a7e54,1,1,0,0
montecarlo,364a291e46d83a,0,0,0,0
shantenMCS,364a291a7f98d8,1,0,0,0
shantenMCS,364a291a7f98d8,1,0,0,0
shantenMCS,364a29347e7518,1,0,0,0
montecarlo,364a2975b36090,1,0,0,0
montecarlo,364a28b2067eb6,1,0,1,0
montecarlo,364a291e46d83a,1,0,1,0
montecarlo,364a2be2b8ff72,1,1,0,0
montecarlo,364a2be2b8ff72,1,1,0,0
montecarlo,364a2ca4de9be8,1,0,0,0
montecarlo,364a2be2b8ff72,1,0,0,0
montecarlo,364a2ca4de9be8,1,0,0,0
montecarlo,364a2be2b8ff72,1,0,0,0
montecarlo,364a2ca4de9be8,1,0,1,0
montecarlo,364a2d8bbce1a8,1,0,1,0
montecarlo,364a2ca4de9be8,1,0,1,0
montecarlo,364a2ca4de9be8,1,0,0,0
montecarlo,364a2d8bbce1a8,1,0,0,0
montecarlo,364a2e40c393a0,1,1,0,0
montecarlo,364a2d8bbce1a8,1,0,0,0
montecarlo,364a2e40c393a0,1,0,0,0
montecarlo,364a2d8bbce1a8,1,0,0,0
montecarlo,364a2e40c393a0,1,0,0,0
montecarlo,364a2e40c393a0,1,0,0,0
montecarlo,364a2e40c393a0,1,0,1,0
montecarlo,364a2ffc63fd92,1,1,0,0
montecarlo,364a2e40c393a0,1,0,0,0
montecarlo,364a2ffc63fd92,1,0,0,0
montecarlo,364a2ffc63fd92,1,1,0,0
montecarlo,364a30795e2a02,1,0,0,0
montecarlo,364a30d50b729c,1,0,0,0
shantenMCS,364a30dbe92a64,1,0,0,0
montecarlo,364a2ffc63fd92,1,0,1,0
shantenMCS,364a310e0784c8,1,0,0,0
montecarlo,364a30e69aaf98,1,0,0,0
montecarlo,364a30795e2a02,1,0,0,0
montecarlo,364a2ffc63fd92,1,0,0,0
shantenMCS,364a30dfe93118,1,0,0,0
shantenMCS,364a30dbe92a64,1,1,0,0
montecarlo,364a30d50b729c,0,0,0,0
shantenMCS,364a310e0784c8,1,0,0,0
shantenMCS,364a30dfe93118,1,1,0,0
montecarlo,364a30795e2a02,1,0,1,0
montecarlo,364a30e69aaf98,1,1,0,0
shantenMCS,364a310e0784c8,1,0,0,0
shantenMCS,364a30dbe92a64,1,1,0,0
montecarlo,364a30d50b729c,1,0,0,0
shantenMCS,364a30dfe93118,1,0,0,0
shantenMCS,364a30dbe92a64,1,0,0,0
montecarlo,364a30795e2a02,1,0,0,0
montecarlo,364a30e69aaf98,1,0,1,0
shantenMCS,364a310e0784c8,1,0,0,0
shantenMCS,364a30dbe92a64,1,1,0,0
shantenMCS,364a30dfe93118,1,0,1,0
montecarlo,364a30d50b729c,1,0,0,0
montecarlo,364a30e69aaf98,1,1,0,0
montecarlo,364a32338773e2,1,0,0,0
shantenMCS,364a310e0784c8,1,0,0,0
montecarlo,364a30795e2a02,1,0,0,0
montecarlo,364a32338773e2,1,0,1,0
shantenMCS,364a30dfe93118,1,0,0,0
shantenMCS,364a30dfe93118,1,1,0,0
montecarlo,364a30e69aaf98,1,0,1,0
montecarlo,364a30d50b729c,1,0,0,0
montecarlo,364a30d50b729c,1,0,0,0
montecarlo,364a32cecc92f6,1,0,0,0
shantenMCS,364a310e0784c8,0,0,0,0
montecarlo,364a32338773e2,1,0,1,0
montecarlo,364a32cecc92f6,1,0,1,0
montecarlo,364a33b16afe98,0,0,0,0
montecarlo,364a32338773e2,1,0,1,0
shantenMCS,364a310e0784c8,0,0,0,0
montecarlo,364a32cecc92f6,1,0,0,0
shantenMCS,364a33c648e8cc,1,0,0,0
montecarlo,364a33df184eec,1,0,0,0
shantenMCS,364a310e0784c8,1,0,0,0
montecarlo,364a33eabb95d8,1,0,0,0
montecarlo,364a33b16afe98,1,0,1,0
montecarlo,364a33d29c2faa,1,0,1,0
montecarlo,364a33cdc37450,1,0,0,0
shantenMCS,364a33c648e8cc,1,0,0,0
montecarlo,364a33d29c2faa,1,1,0,0
montecarlo,364a33df184eec,1,0,0,0
montecarlo,364a32cecc92f6,1,0,0,0
shantenMCS,364a310e0784c8,1,0,0,0
montecarlo,364a33b16afe98,1,0,1,0
shantenMCS,364a33c648e8cc,1,0,1,0
montecarlo,364a33eabb95d8,1,0,1,0
shantenMCS,364a310e0784c8,1,0,0,0
montecarlo,364a33cdc37450,1,0,1,0
shantenMCS,364a310e0784c8,1,0,0,0
montecarlo,364a33b16afe98,1,0,0,0
shantenMCS,364a33c648e8cc,1,0,0,0
montecarlo,364a34a1d77fac,1,0,0,0
montecarlo,364a33cdc37450,1,0,0,0
montecarlo,364a33eabb95d8,1,0,1,0
montecarlo,364a33df184eec,1,0,0,0
montecarlo,364a33d29c2faa,0,0,0,0
montecarlo,364a33b16afe98,1,0,1,0
shantenMCS,364a351cb3aaf4,1,0,0,0
montecarlo,364a33df184eec,1,1,0,0
shantenMCS,364a33c648e8cc,1,0,0,0
shantenMCS,364a356491e2da,1,1,0,0
shantenMCS,364a351cb3aaf4,1,0,0,0
montecarlo,364a35a7535b1c,0,0,0,0
shantenMCS,364a352f487e4a,0,0,0,0
montecarlo,364a34a1d77fac,0,0,0,0
shantenMCS,364a3589bed9be,1,0,1,0
montecarlo,364a33eabb95d8,0,0,0,0
montecarlo,364a33cdc37450,0,0,0,0
shantenMCS,364a33c648e8cc,1,0,1,0
montecarlo,364a33b16afe98,1,0,0,0
shantenMCS,364a351cb3aaf4,1,1,0,0
montecarlo,364a33d29c2faa,1,0,0,0
shantenMCS,364a356491e2da,1,0,0,0
shantenMCS,364a352f487e4a,1,1,0,0
shantenMCS,364a3589bed9be,1,0,0,0
montecarlo,364a33df184eec,1,0,0,0
montecarlo,364a34a1d77fac,1,1,0,0
montecarlo,364a35a7535b1c,1,1,0,0
montecarlo,364a33eabb95d8,1,0,0,0
montecarlo,364a33cdc37450,1,0,1,0
shantenMCS,364a352f487e4a,1,0,0,0
shantenMCS,364a351cb3aaf4,1,0,0,0
shantenMCS,364a33c648e8cc,1,1,0,0
shantenMCS,364a3589bed9be,1,0,1,0
montecarlo,364a33d29c2faa,1,0,0,0
montecarlo,364a34a1d77fac,1,1,0,0
shantenMCS,364a351cb3aaf4,1,0,1,0
shantenMCS,364a356491e2da,1,0,1,0
shantenMCS,364a352f487e4a,1,0,1,0
montecarlo,364a33df184eec,1,0,0,0
shantenMCS,364a3589bed9be,1,1,0,0
montecarlo,364a33cdc37450,1,0,0,0
shantenMCS,364a356491e2da,1,1,0,0
montecarlo,364a35a7535b1c,0,0,0,0
montecarlo,364a33d29c2faa,1,0,1,0
montecarlo,364a33eabb95d8,0,0,0,0
shantenMCS,364a352f487e4a,1,0,0,0
montecarlo,364a34a1d77fac,1,0,0,0
montecarlo,364a35a7535b1c,1,0,0,0
montecarlo,364a33cdc37450,1,0,0,0
shantenMCS,364a3589bed9be,1,1,0,0
montecarlo,364a3732bf8a60,1,0,0,0
shantenMCS,364a3589bed9be,1,0,0,0
montecarlo,364a35a7535b1c,1,0,0,0
shantenMCS,364a3589bed9be,1,1,0,0
montecarlo,364a35a7535b1c,1,0,0,0
montecarlo,364a3732bf8a60,1,0,1,0
montecarlo,364a3732bf8a60,1,0,1,0
montecarlo,364a37ba3154c4,1,0,1,0
montecarlo,364a35a7535b1c,1,1,0,0
montecarlo,364a37fdb2515a,1,0,0,0
shantenMCS,364a3805d47528,1,0,0,0
montecarlo,364a382936bde0,1,0,0,0
montecarlo,364a37fdb2515a,1,1,0,0
shantenMCS,364a381ab47aaa,1,0,1,0
montecarlo,364a3732bf8a60,1,0,0,0
montecarlo,364a35a7535b1c,1,0,0,0
montecarlo,364a37ba3154c4,1,0,0,0
montecarlo,364a382936bde0,1,0,0,0
montecarlo,364a3846b1e348,1,0,0,0
shantenMCS,364a3805d47528,1,0,1,0
montecarlo,364a3732bf8a60,1,0,1,0
montecarlo,364a37ba3154c4,1,0,0,0
montecarlo,364a37fdb2515a,1,0,0,0
shantenMCS,364a3805d47528,1,0,0,0
shantenMCS,364a381ab47aaa,1,0,0,0
montecarlo,364a382936bde0,1,0,0,0
shantenMCS,364a381ab47aaa,1,0,0,0
montecarlo,364a3846b1e348,0,0,0,0
montecarlo,364a37fdb2515a,1,0,0,0
montecarlo,364a391a8da86e,0,0,0,0
shantenMCS,364a3805d47528,0,0,0,0
montecarlo,364a382936bde0,1,0,1,0
shantenMCS,364a381ab47aaa,1,0,1,0
montecarlo,364a37ba3154c4,0,0,0,0
montecarlo,364a391a8da86e,1,0,0,0
shantenMCS,364a3805d47528,1,0,0,0
montecarlo,364a3846b1e348,1,0,0,0
shantenMCS,364a381ab47aaa,1,0,1,0
shantenMCS,364a3805d47528,1,1,0,0
montecarlo,364a3846b1e348,1,1,0,0
montecarlo,364a391a8da86e,0,0,0,0
montecarlo,364a3846b1e348,1,0,0,0
shantenMCS,364a381ab47aaa,0,0,0,0
montecarlo,364a391a8da86e,1,0,0,0
shantenMCS,364a381ab47aaa,1,0,0,0
montecarlo,364a391a8da86e,1,0,0,0
montecarlo,364a391a8da86e,1,0,0,0
montecarlo,364a3b427b4c4c,1,0,0,0
montecarlo,364a391a8da86e,1,0,0,0
montecarlo,364a3b427b4c4c,0,0,0,0
montecarlo,364a3c2281d524,1,0,1,0
montecarlo,364a3b427b4c4c,1,0,1,0
montecarlo,364a3c2281d524,1,0,0,0
montecarlo,364a3b427b4c4c,1,0,1,0
montecarlo,364a3c2281d524,1,0,0,0
montecarlo,364a3c2281d524,1,1,0,0
montecarlo,364a3b427b4c4c,1,0,1,0
montecarlo,364a3c2281d524,1,0,0,0
montecarlo,364a3daaf3c95e,0,0,0,0
montecarlo,364a3ddc112096,1,0,1,0
montecarlo,364a3ddc112096,1,0,1,0
montecarlo,364a3ddc112096,1,0,1,0
montecarlo,364a3daaf3c95e,1,0,0,0
montecarlo,364a3ddc112096,1,0,1,0
montecarlo,364a3daaf3c95e,1,0,0,0
montecarlo,364a3daaf3c95e,1,0,0,0
montecarlo,364a3daaf3c95e,1,0,0,0
montecarlo,364a3fe9083c8c,0,0,0,0
montecarlo,364a3daaf3c95e,1,0,0,0
montecarlo,364a4098bce016,1,0,0,0
montecarlo,364a3fe9083c8c,1,0,1,0
montecarlo,364a3fe9083c8c,1,1,0,0
montecarlo,364a4098bce016,1,1,0,0
montecarlo,364a40e5108154,1,0,0,0
montecarlo,364a3fe9083c8c,1,1,0,0
montecarlo,364a4098bce016,1,0,1,0
montecarlo,364a3fe9083c8c,1,1,0,0
montecarlo,364a40e5108154,1,0,0,0
montecarlo,364a3fe9083c8c,1,0,0,0
montecarlo,364a4098bce016,0,0,0,0
shantenMCS,364a422a13d234,1,0,1,0
montecarlo,364a40e5108154,1,0,0,0
shantenMCS,364a42457ef98c,1,0,0,0
montecarlo,364a4225fdeb62,1,0,0,0
montecarlo,364a3fe9083c8c,1,0,0,0
shantenMCS,364a422a13d234,1,0,0,0
montecarlo,364a424ef41c74,0,0,0,0
shantenMCS,364a424b4924d4,0,0,0,0
shantenMCS,364a42457ef98c,1,0,0,0
montecarlo,364a4225fdeb62,1,0,0,0
montecarlo,364a40e5108154,1,0,0,0
shantenMCS,364a424b4924d4,1,0,0,0
shantenMCS,364a422a13d234,1,0,1,0
montecarlo,364a424ef41c74,1,0,0,0
shantenMCS,364a42457ef98c,1,0,0,0
montecarlo,364a4225fdeb62,1,1,0,0
montecarlo,364a42db07fdde,1,0,1,0
montecarlo,364a40e5108154,1,1,0,0
shantenMCS,364a42457ef98c,1,0,0,0
montecarlo,364a424ef41c74,1,0,0,0
shantenMCS,364a422a13d234,1,0,0,0
shantenMCS,364a424b4924d4,0,0,0,0
shantenMCS,364a42457ef98c,1,0,1,0
montecarlo,364a42db07fdde,1,0,1,0
montecarlo,364a4225fdeb62,0,0,0,0
montecarlo,364a40e5108154,1,0,1,0
montecarlo,364a424ef41c74,1,0,0,0
montecarlo,364a42db07fdde,1,1,0,0
montecarlo,364a42db07fdde,0,0,0,0
montecarlo,364a4411c37ff0,1,0,0,0
montecarlo,364a424ef41c74,1,0,0,0
shantenMCS,364a424b4924d4,0,0,0,0
montecarlo,364a4225fdeb62,0,0,0,0
montecarlo,364a4411c37ff0,1,0,1,0
montecarlo,364a42db07fdde,1,0,0,0
montecarlo,364a4225fdeb62,1,0,0,0
montecarlo,364a424ef41c74,0,0,0,0
shantenMCS,364a424b4924d4,0,0,0,0
montecarlo,364a4411c37ff0,0,0,0,0
shantenMCS,364a451b3aecb6,1,0,0,0
shantenMCS,364a424b4924d4,1,0,0,0
montecarlo,364a4513b16fbc,1,0,0,0
montecarlo,364a424ef41c74,1,0,1,0
shantenMCS,364a44ff85f948,1,0,1,0
montecarlo,364a4411c37ff0,1,0,1,0
shantenMCS,364a451b3aecb6,1,0,0,0
shantenMCS,364a424b4924d4,1,0,0,0
montecarlo,364a459b9cd8b0,1,0,0,0
shantenMCS,364a451c6f791c,0,0,0,0
montecarlo,364a4513b16fbc,0,0,0,0
shantenMCS,364a44ff85f948,1,0,0,0
shantenMCS,364a451b3aecb6,1,0,0,0
shantenMCS,364a451c6f791c,1,0,0,0
montecarlo,364a457741f540,1,0,1,0
montecarlo,364a454093c406,1,0,1,0
shantenMCS,364a424b4924d4,1,1,0,0
montecarlo,364a4513b16fbc,1,1,0,0
shantenMCS,364a451b3aecb6,1,0,1,0
montecarlo,364a4513b16fbc,1,0,0,0
montecarlo,364a459b9cd8b0,1,0,0,0
shantenMCS,364a451c6f791c,1,0,0,0
shantenMCS,364a44ff85f948,1,0,1,0
montecarlo,364a454093c406,1,0,0,0
montecarlo,364a457741f540,1,1,0,0
montecarlo,364a4513b16fbc,1,0,1,0
shantenMCS,364a44ff85f948,1,0,0,0
shantenMCS,364a451c6f791c,1,0,1,0
montecarlo,364a459b9cd8b0,1,1,0,0
montecarlo,364a454093c406,1,1,0,0
montecarlo,364a4513b16fbc,1,0,0,0
shantenMCS,364a44ff85f948,1,1,0,0
montecarlo,364a457741f540,1,0,1,0
montecarlo,364a459b9cd8b0,1,0,0,0
montecarlo,364a4513b16fbc,1,1,0,0
montecarlo,364a454093c406,1,0,0,0
montecarlo,364a457741f540,1,1,0,0
shantenMCS,364a44ff85f948,1,0,0,0
montecarlo,364a477b277b10,1,0,1,0
montecarlo,364a457741f540,1,1,0,0
montecarlo,364a477b277b10,1,1,0,0
montecarlo,364a477b277b10,1,0,0,0
montecarlo,364a457741f540,1,0,1,0
montecarlo,364a477b277b10,1,0,0,0
montecarlo,364a495c954892,1,0,1,0
montecarlo,364a4953b3affc,1,0,1,0
montecarlo,364a495c954892,0,0,0,0
montecarlo,364a4953b3affc,0,0,0,0
montecarlo,364a4953b3affc,1,0,0,0
montecarlo,364a495c954892,0,0,0,0
shantenMCS,364a4ac423ff0c,1,0,0,0
montecarlo,364a4a8d3d098c,1,0,0,0
shantenMCS,364a4ac423ff0c,1,1,0,0
montecarlo,364a4953b3affc,0,0,0,0
shantenMCS,364a4ac423ff0c,1,0,1,0
shantenMCS,364a4b18f0a7ba,1,1,0,0
montecarlo,364a495c954892,1,0,1,0
montecarlo,364a4b4f0253bc,1,0,1,0
montecarlo,364a4953b3affc,1,0,1,0
shantenMCS,364a4b2b1fdebc,1,0,0,0
montecarlo,364a4a8d3d098c,1,0,0,0
shantenMCS,364a4add53ea64,1,0,1,0
shantenMCS,364a4b18f0a7ba,1,0,1,0
montecarlo,364a4b4f0253bc,1,1,0,0
montecarlo,364a4b29025734,1,0,0,0
shantenMCS,364a4b2b1fdebc,1,0,0,0
shantenMCS,364a4ac423ff0c,1,0,0,0
montecarlo,364a495c954892,1,0,0,0
montecarlo,364a4a8d3d098c,1,0,1,0
shantenMCS,364a4b2b1fdebc,1,0,1,0
shantenMCS,364a4add53ea64,1,0,0,0
shantenMCS,364a4b18f0a7ba,1,0,0,0
montecarlo,364a4b4f0253bc,1,0,0,0
shantenMCS,364a4b2b1fdebc,1,0,1,0
montecarlo,364a4b29025734,1,0,0,0
montecarlo,364a4bcf333a38,1,0,0,0
shantenMCS,364a4ac423ff0c,1,0,0,0
montecarlo,364a4b4f0253bc,1,0,1,0
montecarlo,364a4a8d3d098c,1,0,0,0
shantenMCS,364a4ac423ff0c,1,0,0,0
shantenMCS,364a4add53ea64,1,0,1,0
montecarlo,364a495c954892,1,1,0,0
shantenMCS,364a4b18f0a7ba,1,0,1,0
shantenMCS,364a4b2b1fdebc,1,0,1,0
montecarlo,364a4bcf333a38,1,0,1,0
montecarlo,364a4b29025734,1,0,0,0
montecarlo,364a4a8d3d098c,1,0,1,0
shantenMCS,364a4ac423ff0c,1,0,1,0
shantenMCS,364a4ac423ff0c,1,0,1,0
montecarlo,364a4b29025734,1,0,1,0
shantenMCS,364a4add53ea64,0,0,0,0
montecarlo,364a4bcf333a38,1,0,0,0
montecarlo,364a4a8d3d098c,1,0,0,0
shantenMCS,364a4add53ea64,1,0,0,0
montecarlo,364a4bcf333a38,1,0,0,0
montecarlo,364a4b29025734,1,0,1,0
montecarlo,364a4d9141c47c,1,0,0,0
montecarlo,364a4b29025734,1,1,0,0
montecarlo,364a4dcf4e7076,1,0,0,0
montecarlo,364a4d9141c47c,1,1,0,0
montecarlo,364a4d9141c47c,1,0,0,0
montecarlo,364a4dcf4e7076,1,0,1,0
montecarlo,364a4d9141c47c,1,0,0,0
montecarlo,364a4dcf4e7076,1,0,0,0
montecarlo,364a4dcf4e7076,1,0,0,0
montecarlo,364a4dcf4e7076,1,0,1,0
montecarlo,364a4ee8a11640,0,0,0,0
montecarlo,364a4ee8a11640,1,1,0,0
montecarlo,364a4ee8a11640,1,0,1,0
montecarlo,364a4ee8a11640,0,0,0,0
montecarlo,364a4dcf4e7076,1,0,1,0
montecarlo,364a4ee8a11640,1,0,0,0
montecarlo,364a4dcf4e7076,1,0,0,0
montecarlo,364a50457392a2,1,0,0,0
montecarlo,364a4dcf4e7076,1,0,0,0
montecarlo,364a50457392a2,0,0,0,0
montecarlo,364a50457392a2,1,0,0,0
montecarlo,364a50457392a2,1,0,0,0
montecarlo,364a5155a5e566,1,0,0,0
montecarlo,364a5155a5e566,1,0,1,0
montecarlo,364a50457392a2,1,0,1,0
montecarlo,364a5155a5e566,1,0,0,0
montecarlo,364a50457392a2,1,0,0,0
montecarlo,364a5155a5e566,1,1,0,0
montecarlo,364a5155a5e566,1,0,0,0
montecarlo,364a530edc39e4,0,0,0,0
montecarlo,364a530edc39e4,1,1,0,0
montecarlo,364a538d1a6d6c,1,0,0,0
montecarlo,364a530edc39e4,1,0,1,0
montecarlo,364a538d1a6d6c,0,0,0,0
montecarlo,364a530edc39e4,1,0,0,0
montecarlo,364a538d1a6d6c,1,1,0,0
montecarlo,364a530edc39e4,1,1,0,0
montecarlo,364a538d1a6d6c,1,1,0,0
montecarlo,364a5518ee014a,1,0,0,0
montecarlo,364a5518ee014a,1,1,0,0
montecarlo,364a563ed3a474,1,0,0,0
montecarlo,364a563ed3a474,1,0,0,0
montecarlo,364a5689835eea,1,0,0,0
montecarlo,364a563ed3a474,1,0,0,0
montecarlo,364a5689835eea,1,0,0,0
montecarlo,364a563ed3a474,1,0,1,0
montecarlo,364a5689835eea,0,0,0,0
montecarlo,364a563ed3a474,1,0,0,0
shantenMCS,364a6c60fa86d6,1,0,0,0
shantenMCS,364a6c60fa86d6,1,0,0,0
shantenMCS,364a6c60fa86d6,1,0,0,0
shantenMCS,364a6c6b170676,1,0,1,0
montecarlo,364a6c6bee3448,1,0,0,0
shantenMCS,364a6c60fa86d6,1,0,0,0
shantenMCS,364a6d1959586a,1,0,1,0
montecarlo,364a6d2b6ca1d8,1,0,0,0
montecarlo,364a6c6bee3448,1,0,1,0
shantenMCS,364a6c6b170676,1,0,0,0
montecarlo,364a6d30bf49f6,1,0,1,0
montecarlo,364a6d17280938,1,0,1,0
montecarlo,364a6d2c3eb2b8,1,0,0,0
montecarlo,364a6d2b6ca1d8,1,0,0,0
shantenMCS,364a6c6b170676,1,1,0,0
shantenMCS,364a6d1959586a,1,0,0,0
montecarlo,364a6c6bee3448,1,0,0,0
montecarlo,364a6d2b6ca1d8,1,0,1,0
shantenMCS,364a6d1959586a,1,0,0,0
montecarlo,364a6d2b6ca1d8,1,0,0,0
montecarlo,364a6d17280938,1,0,0,0
montecarlo,364a6d30bf49f6,0,0,0,0
shantenMCS,364a6c6b170676,0,0,0,0
montecarlo,364a6d2c3eb2b8,0,0,0,0
montecarlo,364a6c6bee3448,0,0,0,0
shantenMCS,364a6d1959586a,1,0,0,0
montecarlo,364a6d17280938,1,0,0,0
montecarlo,364a6d30bf49f6,1,0,0,0
shantenMCS,364a6c6b170676,1,0,0,0
montecarlo,364a6d2c3eb2b8,1,0,0,0
montecarlo,364a6d30bf49f6,1,0,0,0
montecarlo,364a6d17280938,1,0,1,0
shantenMCS,364a6f3fc951a6,1,0,0,0
montecarlo,364a6f529c6cc8,1,1,0,0
montecarlo,364a6d17280938,1,0,1,0
shantenMCS,364a6f3fc951a6,1,1,0,0
montecarlo,364a6d2c3eb2b8,1,0,0,0
shantenMCS,364a6f3e23c80e,1,0,0,0
shantenMCS,364a6f6903ea90,1,0,0,0
montecarlo,364a6f529c6cc8,1,1,0,0
montecarlo,364a6d17280938,1,0,1,0
montecarlo,364a6d2c3eb2b8,1,0,0,0
shantenMCS,364a6f6903ea90,1,0,0,0
shantenMCS,364a6f3fc951a6,1,0,0,0
shantenMCS,364a6f4c17f836,0,0,0,0
shantenMCS,364a6f3e23c80e,1,1,0,0
montecarlo,364a6d2c3eb2b8,1,0,1,0
montecarlo,364a6d17280938,1,1,0,0
shantenMCS,364a6f4c17f836,1,1,0,0
shantenMCS,364a6f6903ea90,1,0,1,0
montecarlo,364a6f529c6cc8,1,0,0,0
montecarlo,364a6d2c3eb2b8,1,0,1,0
shantenMCS,364a6f4c17f836,1,0,0,0
shantenMCS,364a6f3e23c80e,1,0,0,0
shantenMCS,364a6f3fc951a6,0,0,0,0
montecarlo,364a6f529c6cc8,1,0,1,0
shantenMCS,364a6f6903ea90,1,0,0,0
shantenMCS,364a6f4c17f836,1,0,0,0
montecarlo,364a6f529c6cc8,1,0,0,0
shantenMCS,364a6f3e23c80e,1,0,0,0
shantenMCS,364a6f3fc951a6,1,0,1,0
shantenMCS,364a6f6903ea90,1,0,0,0
shantenMCS,364a6f3fc951a6,1,0,1,0
shantenMCS,364a6f6903ea90,1,0,0,0
shantenMCS,364a72d2498232,1,0,0,0
montecarlo,364a72c5e8bd14,0,0,0,0
shantenMCS,364a732dd5da86,1,0,0,0
shantenMCS,364a7333ad7382,1,0,1,0
shantenMCS,364a72d2498232,1,0,0,0
montecarlo,364a72c5e8bd14,1,1,0,0
shantenMCS,364a72d2498232,1,0,1,0
shantenMCS,364a732dd5da86,1,0,0,0
shantenMCS,364a72d2498232,1,0,0,0
shantenMCS,364a7333ad7382,1,0,1,0
shantenMCS,364a72d2498232,0,0,0,0
shantenMCS,364a7333766c3a,1,1,0,0
montecarlo,364a72d755f1ac,1,0,0,0
shantenMCS,364a732dd5da86,1,1,0,0
montecarlo,364a72c5e8bd14,1,0,1,0
shantenMCS,364a7333ad7382,1,1,0,0
shantenMCS,364a72d2498232,1,1,0,0
shantenMCS,364a7333766c3a,1,0,1,0
montecarlo,364a72d755f1ac,1,0,0,0
shantenMCS,364a732dd5da86,0,0,0,0
shantenMCS,364a7333ad7382,1,0,0,0
montecarlo,364a72c5e8bd14,1,0,0,0
shantenMCS,364a72d2498232,1,0,0,0
shantenMCS,364a7333766c3a,1,0,0,0
shantenMCS,364a7333ad7382,1,0,0,0
montecarlo,364a72d755f1ac,1,0,1,0
montecarlo,364a72d755f1ac,0,0,0,0
montecarlo,364a72c5e8bd14,1,0,0,0
shantenMCS,364a7333766c3a,1,0,0,0
shantenMCS,364a7333ad7382,1,0,1,0
montecarlo,364a72d755f1ac,1,0,1,0
montecarlo,364a72c5e8bd14,0,0,0,0
shantenMCS,364a7333766c3a,1,0,0,0
montecarlo,364a72d755f1ac,1,0,0,0
shantenMCS,364a7333766c3a,1,0,0,0
montecarlo,364a72d755f1ac,1,0,1,0
montecarlo,364a72c5e8bd14,0,0,0,0
shantenMCS,364a7333766c3a,1,0,0,0
montecarlo,364a72d755f1ac,1,0,0,0
montecarlo,364a72c5e8bd14,1,0,0,0
shantenMCS,364a79156595bc,0,0,0,0
montecarlo,364a78dae68588,1,0,0,0
shantenMCS,364a79156595bc,1,1,0,0
montecarlo,364a78d76273ea,0,0,0,0
shantenMCS,364a79170c2374,1,0,0,0
montecarlo,364a78d76273ea,1,0,0,0
montecarlo,364a791ce4092e,1,0,0,0
montecarlo,364a78d76273ea,1,1,0,0
montecarlo,364a78dae68588,1,0,1,0
shantenMCS,364a79156595bc,1,0,0,0
montecarlo,364a791ce4092e,1,0,0,0
shantenMCS,364a79170c2374,0,0,0,0
montecarlo,364a78dae68588,1,0,0,0
shantenMCS,364a79156595bc,1,0,1,0
montecarlo,364a791ce4092e,1,0,0,0
montecarlo,364a78d76273ea,0,0,0,0
shantenMCS,364a79170c2374,1,0,0,0
montecarlo,364a78dae68588,1,0,0,0
shantenMCS,364a7a807181d4,1,0,0,0
montecarlo,364a791ce4092e,1,0,0,0
shantenMCS,364a7a890694e8,1,0,1,0
montecarlo,364a78dae68588,1,0,0,0
shantenMCS,364a79156595bc,1,0,1,0
shantenMCS,364a79170c2374,1,1,0,0
shantenMCS,364a7a83ce77fe,1,0,1,0
shantenMCS,364a7a84deb8fa,1,0,0,0
montecarlo,364a78d76273ea,1,0,0,0
shantenMCS,364a7a890694e8,1,0,0,0
shantenMCS,364a7a80e4c7a8,0,0,0,0
montecarlo,364a78d76273ea,1,0,1,0
montecarlo,364a78dae68588,1,0,0,0
shantenMCS,364a79170c2374,1,0,0,0
shantenMCS,364a7a807181d4,1,1,0,0
shantenMCS,364a7a84deb8fa,1,0,0,0
shantenMCS,364a7a83ce77fe,1,0,0,0
montecarlo,364a78d76273ea,1,0,0,0
shantenMCS,364a7a890694e8,1,0,0,0
shantenMCS,364a7a807181d4,1,0,0,0
shantenMCS,364a7a80e4c7a8,0,0,0,0
shantenMCS,364a7a84deb8fa,1,0,0,0
shantenMCS,364a79170c2374,0,0,0,0
shantenMCS,364a7a80e4c7a8,1,0,1,0
shantenMCS,364a7a807181d4,1,0,1,0
shantenMCS,364a7a890694e8,1,0,0,0
shantenMCS,364a7a84deb8fa,1,0,0,0
shantenMCS,364a79170c2374,1,0,1,0
montecarlo,364a7bed997446,1,0,1,0
shantenMCS,364a7a83ce77fe,1,0,0,0
shantenMCS,364a7a80e4c7a8,1,0,0,0
shantenMCS,364a7a890694e8,1,0,0,0
shantenMCS,364a7bf06a8444,1,1,0,0
shantenMCS,364a7c2c5de05c,1,0,0,0
montecarlo,364a7bf10b05fc,1,0,1,0
shantenMCS,364a7a80e4c7a8,1,0,1,0
montecarlo,364a7bed997446,1,0,0,0
shantenMCS,364a79170c2374,1,0,0,0
montecarlo,364a7bed997446,0,0,0,0
montecarlo,364a7bf06a847c,1,1,0,0
shantenMCS,364a7a83ce77fe,0,0,0,0
shantenMCS,364a7bf06a8444,1,0,0,0
shantenMCS,364a7c2c5de05c,1,0,1,0
montecarlo,364a7bed997446,1,1,0,0
shantenMCS,364a7a80e4c7a8,1,1,0,0
shantenMCS,364a7a80e4c7a8,1,0,0,0
shantenMCS,364a7a83ce77fe,1,1,0,0
shantenMCS,364a7bf06a8444,1,0,0,0
montecarlo,364a7bf10b05fc,1,0,1,0
shantenMCS,364a7c2c5de05c,1,0,0,0
montecarlo,364a7bed997446,1,0,0,0
montecarlo,364a7bf06a847c,1,0,0,0
shantenMCS,364a79170c2374,1,0,0,0
shantenMCS,364a79170c2374,0,0,0,0
montecarlo,364a7bed997446,1,0,1,0
montecarlo,364a7bf10b05fc,1,0,0,0
shantenMCS,364a7c2c5de05c,1,0,0,0
shantenMCS,364a7bf06a8444,1,0,0,0
montecarlo,364a7d5ce6d4aa,1,0,0,0
shantenMCS,364a79170c2374,1,0,0,0
montecarlo,364a7d5c7465a0,1,0,0,0
shantenMCS,364a7d5b5c9118,1,0,1,0
shantenMCS,364a7c2c5de05c,1,0,0,0
shantenMCS,364a7d5ccff272,1,0,0,0
montecarlo,364a7bf10b05fc,1,0,0,0
montecarlo,364a7bf06a847c,1,1,0,0
montecarlo,364a7bed997446,1,0,1,0
montecarlo,364a7bed997446,1,0,1,0
shantenMCS,364a7c2c5de05c,1,0,0,0
shantenMCS,364a7d5ccff272,1,0,0,0
shantenMCS,364a7d5b5c9118,1,0,0,0
shantenMCS,364a7d9cabd96c,0,0,0,0
shantenMCS,364a7d5b5c9118,0,0,0,0
montecarlo,364a7d5ce6d4aa,1,0,0,0
montecarlo,364a7d5c7465a0,1,0,0,0
shantenMCS,364a7d5b5c9118,1,1,0,0
montecarlo,364a7bf10b05fc,1,0,0,0
shantenMCS,364a7d5ccff272,1,0,0,0
montecarlo,364a7d5c7465a0,1,0,0,0
montecarlo,364a7bf06a847c,1,0,0,0
shantenMCS,364a7d5b5c9118,1,0,0,0
shantenMCS,364a7d9cabd96c,1,0,0,0
shantenMCS,364a7d5ccff272,1,0,0,0
shantenMCS,364a7d9cabd96c,1,0,0,0
montecarlo,364a7d5ce6d4aa,1,1,0,0
shantenMCS,364a7d5ccff272,1,0,0,0
montecarlo,364a7d5c7465a0,1,1,0,0
montecarlo,364a7d5ce6d4aa,1,0,0,0
shantenMCS,364a7d9cabd96c,1,0,0,0
montecarlo,364a7d5ce6d4aa,1,1,0,0
shantenMCS,364a7d9cabd96c,0,0,0,0
