shantenBlind,3649b1ead34804,1,0,0,0
shantenBlind,3649b1ead34804,1,0,1,0
shantenBlind,3649351e2d3138,1,1,0,0
shantenNaive,36493526984eca,1,0,0,0
shantenBlind,3649351e2d3138,1,0,1,0
shantenNaive,36493526984eca,1,1,0,0
shantenBlind,3649356064f266,1,0,0,0
shantenNaive,36493526984eca,1,0,0,0
shantenBlind,3649351e2d3138,1,0,0,0
shantenNaive,36493526984eca,1,0,0,0
shantenBlind,3649356064f266,1,0,1,0
shantenBlind,36493617a3e16c,1,0,0,0
shantenNaive,36493526984eca,1,0,0,0
shantenBlind,3649351e2d3138,1,0,0,0
shantenNaive,3649362900ea22,1,0,0,0
shantenBlind,36493617a3e16c,1,1,0,0
shantenNaive,3649367034cce2,1,0,0,0
shantenBlind,3649356064f266,1,1,0,0
shantenNaive,3649362900ea22,1,0,1,0
shantenBlind,3649351e2d3138,1,0,0,0
shantenBlind,36493617a3e16c,1,0,0,0
shantenBlind,3649356064f266,1,0,1,0
shantenBlind,364936c552c224,1,1,0,0
shantenNaive,3649362900ea22,1,0,0,0
shantenNaive,3649367034cce2,0,0,0,0
shantenBlind,3649356064f266,1,0,0,0
shantenBlind,364936e16c8ace,0,0,0,0
shantenNaive,3649362900ea22,1,0,0,0
shantenNaive,3649367034cce2,1,0,0,0
shantenBlind,36493617a3e16c,1,0,0,0
shantenBlind,364936c552c224,1,0,0,0
shantenNaive,3649367034cce2,1,0,0,0
shantenBlind,364936e16c8ace,1,1,0,0
shantenNaive,3649362900ea22,1,0,0,0
shantenBlind,364936c552c224,1,0,0,0
shantenBlind,364936e16c8ace,1,0,0,0
shantenNaive,3649367034cce2,1,0,0,0
shantenBlind,364936c552c224,1,0,0,0
shantenNaive,3649362900ea22,1,0,0,0
shantenBlind,364936e16c8ace,1,0,0,0
shantenBlind,364936c552c224,1,0,0,0
shantenNaive,3649362900ea22,1,0,0,0
shantenBlind,364936c552c224,1,0,0,0
shantenBlind,364936e16c8ace,1,0,0,0
shantenBlind,364936e16c8ace,1,0,0,0
shantenBlind,364936e16c8ace,1,0,0,0
shantenBlind,364990332aeed0,1,0,0,0
shantenBlind,364990332aeed0,1,0,0,0
shantenBlind,364990b17b179c,0,0,0,0
shantenNaive,364990c0d51276,1,0,0,0
shantenBlind,3649910b78d53e,1,1,0,0
shantenBlind,364990332aeed0,1,0,0,0
shantenBlind,364990b17b179c,1,0,0,0
shantenBlind,36499108ccb756,1,0,0,0
shantenBlind,364990b17b179c,1,0,0,0
shantenBlind,3649910b78d53e,1,1,0,0
shantenNaive,364990c0d51276,0,0,0,0
shantenBlind,36499108ccb756,1,0,1,0
shantenBlind,364990332aeed0,1,1,0,0
shantenBlind,364990b17b179c,1,0,0,0
shantenBlind,3649917988fc40,0,0,0,0
shantenBlind,36499164a2a89c,0,0,0,0
shantenBlind,36499108ccb756,1,0,1,0
shantenBlind,364990332aeed0,1,0,1,0
shantenNaive,364990c0d51276,1,0,0,0
shantenBlind,364990b17b179c,1,0,1,0
shantenBlind,3649910b78d53e,1,0,0,0
shantenNaive,364990c0d51276,1,0,0,0
shantenBlind,3649917988fc40,1,0,0,0
shantenBlind,36499164a2a89c,1,0,1,0
shantenNaive,364990c0d51276,1,0,1,0
shantenBlind,364990b17b179c,0,0,0,0
shantenBlind,3649910b78d53e,1,0,1,0
shantenBlind,3649917988fc40,1,0,0,0
shantenNaive,364990c0d51276,1,1,0,0
shantenBlind,3649917988fc40,1,0,0,0
shantenBlind,36499164a2a89c,1,0,0,0
shantenBlind,3649910b78d53e,1,0,0,0
shantenBlind,364990b17b179c,1,0,0,0
shantenBlind,364990b17b179c,1,0,1,0
shantenBlind,36499164a2a89c,1,0,0,0
shantenBlind,364990b17b179c,1,0,0,0
shantenBlind,364995a1717116,1,0,0,0
shantenBlind,364995d51bd90c,0,0,0,0
shantenBlind,364995a1717116,1,0,0,0
shantenBlind,364995d51bd90c,1,0,0,0
shantenBlind,364995d51bd90c,1,1,0,0
shantenBlind,364995a1717116,1,0,1,0
shantenBlind,364996c91daf3a,1,0,0,0
shantenBlind,364995d51bd90c,1,0,0,0
shantenBlind,364995a1717116,1,1,0,0
shantenBlind,36499910200d4a,1,0,0,0
shantenBlind,3649994dbd0ca2,1,0,1,0
shantenBlind,36499945e95832,1,0,0,0
shantenBlind,3649994b9b9c24,1,0,0,0
shantenBlind,36499950b8d832,1,0,0,0
shantenBlind,36499910200d4a,1,0,0,0
shantenBlind,3649994dbd0ca2,1,0,1,0
shantenBlind,36499945e95832,1,0,0,0
shantenBlind,3649994dbd0ca2,1,0,1,0
shantenBlind,3649994b9b9c24,1,1,0,0
shantenBlind,36499950b8d832,1,1,0,0
shantenBlind,36499910200d4a,1,0,0,0
shantenBlind,36499950b8d832,1,0,1,0
shantenBlind,36499945e95832,1,0,1,0
shantenBlind,3649994b9b9c24,1,1,0,0
shantenBlind,36499950b8d832,1,0,0,0
shantenBlind,3649994dbd0ca2,1,0,1,0
shantenBlind,3649994b9b9c24,1,0,0,0
shantenBlind,36499945e95832,1,0,0,0
shantenBlind,3649994b9b9c24,1,0,0,0
shantenBlind,36499950b8d832,1,0,1,0
shantenBlind,36499945e95832,1,0,1,0
shantenBlind,36499910200d4a,0,0,0,0
shantenBlind,3649994dbd0ca2,1,0,0,0
shantenBlind,36499950b8d832,1,1,0,0
shantenBlind,36499945e95832,1,1,0,0
shantenBlind,36499950b8d832,1,1,0,0
shantenBlind,36499950b8d832,1,0,0,0
shantenBlind,36499945e95832,1,0,0,0
shantenBlind,36499950b8d832,1,0,0,0
shantenMCS,3649ba81b3eb7c,1,1,0,0
shantenMCS,3649ba81b3eb7c,1,0,1,0
shantenMCS,3649bb99bad09a,1,0,0,0
shantenMCS,3649ba81b3eb7c,1,0,0,0
shantenMCS,3649ba81b3eb7c,1,0,1,0
shantenMCS,3649bb99bad09a,1,0,0,0
shantenMCS,3649ba81b3eb7c,0,0,0,0
shantenMCS,3649bb99bad09a,1,0,0,0
shantenMCS,3649bb99bad09a,1,0,0,0
shantenMCS,3649bdd4f077b2,1,0,0,0
shantenMCS,3649bdd4f077b2,1,0,0,0
shantenMCS,3649bdd4f077b2,1,0,0,0
shantenMCS,3649bdd4f077b2,1,0,0,0
shantenBlind,3649c3784530ce,1,0,1,0
shantenBlind,3649c3784530ce,1,0,0,0
shantenBlind,3649c3784530ce,1,0,0,0
shantenBlind,3649c3784530ce,1,0,1,0
shantenBlind,3649d8d4247444,1,0,1,0
shantenBlind,3649d8d6890a10,1,0,1,0
shantenBlind,3649d8d4247444,1,0,1,0
shantenBlind,3649d8d3f66a7c,1,0,0,0
shantenBlind,3649d906840aa8,1,1,0,0
shantenBlind,3649d8d4247444,1,0,0,0
shantenBlind,3649d90b1683fa,1,0,0,0
shantenBlind,3649d8d6890a10,1,0,1,0
shantenBlind,3649d906840aa8,1,1,0,0
shantenBlind,3649d8d3f66a7c,1,0,0,0
shantenBlind,3649d90b1683fa,1,0,0,0
shantenBlind,3649d8d4247444,1,0,0,0
shantenBlind,3649d906840aa8,1,0,1,0
shantenBlind,3649d8d6890a10,1,0,1,0
shantenBlind,3649d90b1683fa,1,1,0,0
shantenBlind,3649d8d3f66a7c,1,0,0,0
shantenBlind,3649d8d4247444,1,1,0,0
shantenBlind,3649d8d6890a10,0,0,0,0
shantenBlind,3649d906840aa8,1,0,0,0
shantenBlind,3649d8d3f66a7c,1,0,0,0
shantenBlind,3649d90b1683fa,1,0,0,0
shantenBlind,3649da70976e16,1,0,0,0
shantenBlind,3649da70976e16,1,1,0,0
shantenBlind,3649d906840aa8,1,0,0,0
shantenBlind,3649dade12651a,1,0,1,0
shantenBlind,3649d8d3f66a7c,1,0,1,0
shantenBlind,3649d90b1683fa,1,1,0,0
shantenBlind,3649d8d6890a10,1,0,0,0
shantenBlind,3649da70976e16,1,0,0,0
shantenBlind,3649db14df2a5c,1,0,0,0
shantenBlind,3649dade12651a,1,0,1,0
shantenBlind,3649db3715e608,1,0,1,0
shantenBlind,3649db405dfe26,1,1,0,0
shantenBlind,3649da70976e16,1,0,1,0
shantenBlind,3649db59af6996,1,0,0,0
shantenBlind,3649db3715e608,1,1,0,0
shantenBlind,3649db14df2a5c,0,0,0,0
shantenBlind,3649db405dfe26,1,0,0,0
shantenBlind,3649db3715e608,1,0,0,0
shantenBlind,3649db3715e608,1,0,0,0
shantenBlind,3649db59af6996,1,1,0,0
shantenBlind,3649db14df2a5c,1,0,0,0
shantenBlind,3649db14df2a5c,1,0,0,0
shantenBlind,3649db3715e608,1,0,0,0
shantenBlind,3649db59af6996,1,1,0,0
shantenBlind,3649db14df2a5c,1,1,0,0
shantenBlind,3649db405dfe26,0,0,0,0
shantenBlind,3649db59af6996,1,0,0,0
shantenBlind,3649db14df2a5c,1,0,0,0
shantenNaive,3649dc98d1d6a8,1,0,0,0
shantenBlind,3649dc6eb7341a,1,0,0,0
shantenNaive,3649dc9bb9d30c,1,0,1,0
shantenBlind,3649db405dfe26,1,0,0,0
shantenBlind,3649dce94cc42e,1,0,1,0
shantenNaive,3649dc9bb9d30c,1,0,0,0
shantenBlind,3649dcddf92922,1,0,0,0
shantenBlind,3649db405dfe26,1,1,0,0
shantenNaive,3649dc98d1d6a8,0,0,0,0
shantenBlind,3649dc6eb7341a,1,0,1,0
shantenBlind,3649dce94cc42e,1,0,1,0
shantenBlind,3649dd0d69f5ae,1,1,0,0
shantenBlind,3649dcddf92922,1,1,0,0
shantenNaive,3649dc98d1d6a8,1,0,0,0
shantenBlind,3649dc6eb7341a,1,0,0,0
shantenBlind,3649db405dfe26,1,0,0,0
shantenNaive,3649dc9bb9d30c,0,0,0,0
shantenBlind,3649dd0d69f5ae,1,0,0,0
shantenBlind,3649dcddf92922,1,0,0,0
shantenBlind,3649dce94cc42e,1,0,0,0
shantenBlind,3649dc6eb7341a,1,1,0,0
shantenNaive,3649dc98d1d6a8,1,0,1,0
shantenBlind,3649dd0d69f5ae,1,0,0,0
shantenNaive,3649dc9bb9d30c,1,0,0,0
shantenBlind,3649db405dfe26,1,0,0,0
shantenBlind,3649dce94cc42e,1,0,0,0
shantenBlind,3649dcddf92922,1,1,0,0
shantenNaive,3649dc98d1d6a8,1,0,0,0
shantenBlind,3649dd0d69f5ae,1,0,0,0
shantenNaive,3649dc9bb9d30c,0,0,0,0
shantenBlind,3649db405dfe26,1,0,0,0
shantenBlind,3649dcddf92922,1,0,0,0
shantenBlind,3649de54d0ba08,1,0,0,0
shantenBlind,3649de723bd122,1,0,1,0
shantenBlind,3649dce94cc42e,1,0,0,0
shantenNaive,3649de9efc538a,1,0,0,0
shantenBlind,3649dec10a7efc,1,0,0,0
shantenBlind,3649dd0d69f5ae,0,0,0,0
shantenBlind,3649de723bd122,1,0,0,0
shantenBlind,3649de54d0ba08,1,0,1,0
shantenNaive,3649debdb98770,1,0,1,0
shantenBlind,3649de723bd122,1,1,0,0
shantenBlind,3649dd0d69f5ae,1,0,0,0
shantenNaive,3649de9efc538a,1,1,0,0
shantenBlind,3649dec10a7efc,1,0,0,0
shantenBlind,3649de54d0ba08,1,0,0,0
shantenNaive,3649debdb98770,1,0,1,0
shantenBlind,3649dd0d69f5ae,1,0,0,0
shantenBlind,3649de54d0ba08,1,1,0,0
shantenNaive,3649de9efc538a,1,0,0,0
shantenNaive,3649debdb98770,1,1,0,0
shantenBlind,3649de723bd122,0,0,0,0
shantenNaive,3649dfae8aa382,1,0,0,0
shantenBlind,3649dec10a7efc,0,0,0,0
shantenBlind,3649dd0d69f5ae,1,0,0,0
shantenNaive,3649de9efc538a,1,0,0,0
shantenBlind,3649de723bd122,1,1,0,0
shantenNaive,3649dff49dc50c,1,0,0,0
shantenNaive,3649debdb98770,1,0,0,0
shantenBlind,3649dfd3e4a448,0,0,0,0
shantenNaive,3649de9efc538a,1,0,0,0
shantenNaive,3649dfae8aa382,1,1,0,0
shantenBlind,3649de723bd122,1,0,0,0
shantenBlind,3649dd0d69f5ae,1,0,0,0
shantenBlind,3649dec10a7efc,1,0,0,0
shantenBlind,3649e059daf782,1,1,0,0
shantenBlind,3649e0331e4e94,1,0,0,0
shantenNaive,3649dff49dc50c,1,1,0,0
shantenBlind,3649dd0d69f5ae,1,0,0,0
shantenBlind,3649dfd3e4a448,0,0,0,0
shantenBlind,3649de723bd122,1,0,0,0
shantenNaive,3649dfae8aa382,1,0,0,0
shantenBlind,3649e0331e4e94,1,1,0,0
shantenBlind,3649de723bd122,1,1,0,0
shantenBlind,3649e059daf782,1,1,0,0
shantenBlind,3649dfd3e4a448,1,0,0,0
shantenNaive,3649dfae8aa382,1,0,0,0
shantenNaive,3649dff49dc50c,0,0,0,0
shantenBlind,3649e059daf782,1,1,0,0
shantenBlind,3649e0331e4e94,1,1,0,0
shantenBlind,3649de723bd122,1,1,0,0
shantenBlind,3649dfd3e4a448,1,0,1,0
shantenBlind,3649e059daf782,1,0,1,0
shantenNaive,3649e15ae147ca,1,0,0,0
shantenNaive,3649dff49dc50c,1,0,1,0
shantenBlind,3649e0331e4e94,1,0,0,0
shantenNaive,3649e15ae147ca,1,0,1,0
shantenBlind,3649e190f7d090,1,0,1,0
shantenBlind,3649e059daf782,1,0,1,0
shantenBlind,3649dfd3e4a448,1,0,0,0
shantenBlind,3649dfd3e4a448,1,0,0,0
shantenBlind,3649e1c9786754,1,0,0,0
shantenNaive,3649dff49dc50c,1,0,0,0
shantenBlind,3649e059daf782,1,1,0,0
shantenNaive,3649e1ea0ba8be,1,0,0,0
shantenNaive,3649e15ae147ca,1,0,0,0
shantenBlind,3649e190f7d090,1,1,0,0
shantenNaive,3649e1dad17400,1,0,1,0
shantenBlind,3649e1c9786754,1,0,0,0
shantenNaive,3649dff49dc50c,1,0,1,0
shantenBlind,3649e059daf782,1,0,0,0
shantenBlind,3649e190f7d090,1,1,0,0
shantenNaive,3649e15ae147ca,1,0,1,0
shantenBlind,3649e059daf782,1,0,0,0
shantenNaive,3649e1ea0ba8be,1,1,0,0
shantenBlind,3649e1c9786754,1,0,1,0
shantenNaive,3649e1dad17400,0,0,0,0
shantenBlind,3649e190f7d090,1,0,0,0
shantenNaive,3649e15ae147ca,1,0,0,0
shantenNaive,3649e1ea0ba8be,1,0,0,0
shantenNaive,3649e1dad17400,1,0,1,0
shantenBlind,3649e190f7d090,1,0,0,0
shantenBlind,3649e1c9786754,1,0,0,0
shantenBlind,3649e190f7d090,1,0,0,0
shantenNaive,3649e1ea0ba8be,0,0,0,0
shantenNaive,3649e1ea0ba8be,1,0,0,0
shantenNaive,3649e1ea0ba8be,1,0,0,0
shantenNaive,3649e455e49a12,1,0,0,0
shantenNaive,3649e455e49a12,1,0,0,0
shantenNaive,3649e4719fbef8,1,0,0,0
shantenBlind,3649e47d29f174,1,0,0,0
shantenNaive,3649e455e49a12,1,0,0,0
shantenBlind,3649e4395d7ba0,0,0,0,0
shantenNaive,3649e46d3b88c2,1,0,0,0
shantenBlind,3649e47d29f174,1,1,0,0
shantenNaive,3649e455e49a12,1,0,1,0
shantenNaive,3649e46d3b88c2,1,0,0,0
shantenNaive,3649e4719fbef8,0,0,0,0
shantenBlind,3649e4395d7ba0,1,0,0,0
shantenNaive,3649e46d3b88c2,1,0,1,0
shantenBlind,3649e47d29f174,1,0,0,0
shantenNaive,3649e455e49a12,1,0,0,0
shantenNaive,3649e4719fbef8,1,0,0,0
shantenBlind,3649e4395d7ba0,1,0,0,0
shantenNaive,3649e46d3b88c2,1,0,0,0
shantenNaive,3649e5d911d43a,0,0,0,0
shantenBlind,3649e47d29f174,1,1,0,0
shantenNaive,3649e4719fbef8,1,0,1,0
shantenNaive,3649e455e49a12,1,0,0,0
shantenBlind,3649e5e8055890,1,0,0,0
shantenNaive,3649e5d9983282,1,0,0,0
shantenNaive,3649e46d3b88c2,0,0,0,0
shantenBlind,3649e47d29f174,1,0,0,0
shantenNaive,3649e5d911d43a,1,0,0,0
shantenNaive,3649e455e49a12,1,0,0,0
shantenBlind,3649e4395d7ba0,0,0,0,0
shantenBlind,3649e5e8055890,1,0,0,0
shantenNaive,3649e5d911d43a,1,0,0,0
shantenBlind,3649e5e44952ce,1,0,1,0
shantenNaive,3649e4719fbef8,1,0,0,0
shantenNaive,3649e5d9983282,1,0,1,0
shantenBlind,3649e5e6d99a08,1,1,0,0
shantenNaive,3649e46d3b88c2,1,1,0,0
shantenBlind,3649e4395d7ba0,1,0,1,0
shantenBlind,3649e5e8055890,1,1,0,0
shantenNaive,3649e5d9983282,1,0,0,0
shantenBlind,3649e5e44952ce,1,0,0,0
shantenNaive,3649e5d911d43a,1,0,0,0
shantenBlind,3649e5e8055890,1,0,1,0
shantenBlind,3649e4395d7ba0,1,0,1,0
shantenBlind,3649e5e44952ce,1,0,0,0
shantenNaive,3649e5d9983282,1,0,0,0
shantenNaive,3649e5d911d43a,1,0,0,0
shantenBlind,3649e5e6d99a08,1,1,0,0
shantenBlind,3649e5e44952ce,1,0,0,0
shantenNaive,3649e5d911d43a,1,0,1,0
shantenBlind,3649e4395d7ba0,1,0,0,0
shantenBlind,3649e75270c1d2,1,0,0,0
shantenNaive,3649e5d9983282,1,0,0,0
shantenBlind,3649e5e44952ce,1,0,0,0
shantenBlind,3649e5e6d99a08,1,0,0,0
shantenBlind,3649e4395d7ba0,1,0,0,0
shantenBlind,3649e74df7008a,0,0,0,0
shantenBlind,3649e7545d483a,1,0,0,0
shantenNaive,3649e78a05a57c,1,0,0,0
shantenBlind,3649e75270c1d2,1,1,0,0
shantenBlind,3649e74df7008a,1,1,0,0
shantenNaive,3649e77970676a,1,1,0,0
shantenBlind,3649e5e6d99a08,1,0,0,0
shantenBlind,3649e4395d7ba0,1,1,0,0
shantenBlind,3649e75270c1d2,1,1,0,0
shantenBlind,3649e5e6d99a08,1,0,0,0
shantenBlind,3649e7545d483a,1,0,0,0
shantenNaive,3649e77970676a,1,0,0,0
shantenBlind,3649e74df7008a,1,0,1,0
shantenNaive,3649e78a05a57c,1,0,0,0
shantenBlind,3649e75270c1d2,1,0,0,0
shantenBlind,3649e7545d483a,1,0,0,0
shantenBlind,3649e74df7008a,1,0,0,0
shantenBlind,3649e75270c1d2,1,0,0,0
shantenNaive,3649e77970676a,1,0,1,0
shantenNaive,3649e78a05a57c,1,0,0,0
shantenBlind,3649e7545d483a,1,0,0,0
shantenBlind,3649e8ee902912,1,0,0,0
shantenBlind,3649e74df7008a,1,0,0,0
shantenNaive,3649e77970676a,1,0,0,0
shantenNaive,3649e77970676a,0,0,0,0
shantenNaive,3649e78a05a57c,1,0,0,0
shantenNaive,3649e93eb359ca,1,0,1,0
shantenNaive,3649e8fbf62dc4,1,0,0,0
shantenNaive,3649e927fbe560,1,0,1,0
shantenBlind,3649e9192cc720,1,0,0,0
shantenNaive,3649e77970676a,1,0,1,0
shantenBlind,3649e8ee902912,1,0,0,0
shantenBlind,3649e74df7008a,0,0,0,0
shantenNaive,3649e980aa845a,1,0,1,0
shantenNaive,3649e927fbe560,1,0,0,0
shantenNaive,3649e93eb359ca,1,0,1,0
shantenBlind,3649e9b41d07d6,1,0,1,0
shantenNaive,3649e78a05a57c,1,0,0,0
shantenBlind,3649e9192cc720,1,0,1,0
shantenBlind,3649e996a7cc54,1,0,1,0
shantenNaive,3649e77970676a,1,0,0,0
shantenNaive,3649e8fbf62dc4,1,0,1,0
shantenBlind,3649e8ee902912,1,0,0,0
shantenNaive,3649e93eb359ca,1,0,0,0
shantenBlind,3649e9b41d07d6,1,0,0,0
shantenBlind,3649e74df7008a,1,0,0,0
shantenNaive,3649e980aa845a,0,0,0,0
shantenNaive,3649e8fbf62dc4,1,0,0,0
shantenNaive,3649ea06e2ae0a,1,0,0,0
shantenNaive,3649e927fbe560,0,0,0,0
shantenNaive,3649e78a05a57c,1,0,0,0
shantenBlind,3649e9e205aff4,1,0,0,0
shantenNaive,3649e980aa845a,1,1,0,0
shantenBlind,3649e8ee902912,1,0,0,0
shantenBlind,3649e9192cc720,1,0,0,0
shantenNaive,3649e93eb359ca,1,0,0,0
shantenBlind,3649e9b41d07d6,1,0,1,0
shantenBlind,3649e996a7cc54,1,0,0,0
shantenBlind,3649e74df7008a,1,0,1,0
shantenNaive,3649e8fbf62dc4,1,0,0,0
shantenNaive,3649e980aa845a,1,0,0,0
shantenNaive,3649e93eb359ca,1,1,0,0
shantenBlind,3649e8ee902912,1,0,0,0
shantenBlind,3649e9192cc720,1,0,1,0
shantenBlind,3649e9b41d07d6,1,0,0,0
shantenBlind,3649e9e205aff4,1,0,0,0
shantenNaive,3649e927fbe560,1,0,1,0
shantenNaive,3649e980aa845a,1,0,0,0
shantenBlind,3649e9b41d07d6,1,0,0,0
shantenBlind,3649e9192cc720,1,0,0,0
shantenNaive,3649e93eb359ca,1,0,0,0
shantenNaive,3649ea06e2ae0a,1,0,1,0
shantenNaive,3649e8fbf62dc4,1,0,0,0
shantenBlind,3649e9e205aff4,1,1,0,0
shantenBlind,3649e996a7cc54,0,0,0,0
shantenNaive,3649e8fbf62dc4,1,1,0,0
shantenBlind,3649e9b41d07d6,1,0,0,0
shantenNaive,3649eb21f0532a,1,0,0,0
shantenNaive,3649e927fbe560,1,0,0,0
shantenBlind,3649e9192cc720,1,0,0,0
shantenBlind,3649e9192cc720,1,0,0,0
shantenBlind,3649e996a7cc54,1,0,0,0
shantenNaive,3649ea06e2ae0a,1,0,0,0
shantenBlind,3649e9b41d07d6,1,1,0,0
shantenNaive,3649e8fbf62dc4,1,0,0,0
shantenBlind,3649e9e205aff4,1,0,0,0
shantenNaive,3649eb21f0532a,1,0,0,0
shantenBlind,3649ebb7e292d0,1,1,0,0
shantenBlind,3649e9192cc720,1,0,0,0
shantenBlind,3649e996a7cc54,1,0,1,0
shantenNaive,3649eb7c17a2a4,0,0,0,0
shantenNaive,3649ea06e2ae0a,1,1,0,0
shantenNaive,3649eb21f0532a,1,0,0,0
shantenBlind,3649e9e205aff4,1,1,0,0
shantenBlind,3649ebb7e292d0,1,1,0,0
shantenNaive,3649ebc08cdf38,0,0,0,0
shantenNaive,3649ebddda04d2,1,0,0,0
shantenBlind,3649ebeb595592,1,1,0,0
shantenNaive,3649eb7c17a2a4,1,1,0,0
shantenNaive,3649ea06e2ae0a,1,0,1,0
shantenBlind,3649e9e205aff4,1,1,0,0
shantenBlind,3649ebb7e292d0,1,0,0,0
shantenNaive,3649ebc08cdf38,1,0,0,0
shantenNaive,3649eb21f0532a,1,0,0,0
shantenNaive,3649eb7c17a2a4,1,0,0,0
shantenNaive,3649ebddda04d2,1,0,0,0
shantenBlind,3649e9e205aff4,1,0,1,0
shantenBlind,3649e996a7cc54,0,0,0,0
shantenNaive,3649eb21f0532a,1,1,0,0
shantenBlind,3649ebeb595592,1,0,1,0
shantenNaive,3649ea06e2ae0a,1,0,0,0
shantenNaive,3649ebddda04d2,1,0,1,0
shantenNaive,3649ebc08cdf38,0,0,0,0
shantenBlind,3649ebeb595592,1,0,0,0
shantenBlind,3649ebb7e292d0,0,0,0,0
shantenNaive,3649ece18fd77c,1,0,1,0
shantenNaive,3649eb7c17a2a4,1,1,0,0
shantenBlind,3649e996a7cc54,1,0,0,0
shantenNaive,3649ebc08cdf38,1,0,1,0
shantenBlind,3649ebeb595592,1,1,0,0
shantenBlind,3649ed14a284fc,1,0,0,0
shantenNaive,3649eb7c17a2a4,1,0,0,0
shantenBlind,3649ed0dde9566,1,0,1,0
shantenBlind,3649ed0dde9566,1,0,1,0
shantenNaive,3649ece18fd77c,1,0,1,0
shantenBlind,3649ed06820492,0,0,0,0
shantenBlind,3649ecd11a228a,0,0,0,0
shantenBlind,3649ebb7e292d0,1,0,0,0
shantenNaive,3649ebddda04d2,0,0,0,0
shantenBlind,3649e996a7cc54,1,0,1,0
shantenNaive,3649ebc08cdf38,1,0,0,0
shantenBlind,3649ed14a284fc,1,0,0,0
shantenBlind,3649ecd11a228a,1,1,0,0
shantenBlind,3649ed0dde9566,1,0,0,0
shantenNaive,3649ece18fd77c,1,0,0,0
shantenBlind,3649ed06820492,1,1,0,0
shantenBlind,3649e996a7cc54,1,0,0,0
shantenBlind,3649ed0dde9566,1,0,0,0
shantenBlind,3649ecd11a228a,1,0,0,0
shantenBlind,3649ed14a284fc,1,0,0,0
shantenNaive,3649ebc08cdf38,0,0,0,0
shantenBlind,3649ed06820492,1,0,0,0
shantenBlind,3649ed0dde9566,1,0,0,0
shantenBlind,3649ed0dde9566,1,1,0,0
shantenBlind,3649ed14a284fc,1,0,1,0
shantenNaive,3649ece18fd77c,1,0,0,0
shantenBlind,3649ed06820492,1,0,1,0
shantenBlind,3649ecd11a228a,1,0,0,0
shantenNaive,3649ee4ca486f6,1,0,0,0
shantenBlind,3649ee7482fe96,1,0,1,0
shantenNaive,3649ee770f6db6,1,0,1,0
shantenBlind,3649ed06820492,1,0,1,0
shantenNaive,3649ee88f87bee,1,0,0,0
shantenBlind,3649ed0dde9566,0,0,0,0
shantenNaive,3649ee9078ff56,1,0,0,0
shantenBlind,3649ee7482fe96,1,0,0,0
shantenNaive,3649ee4ca486f6,1,0,0,0
shantenBlind,3649ecd11a228a,1,0,1,0
shantenNaive,3649ee88f87bee,1,0,0,0
shantenBlind,3649ed0dde9566,1,1,0,0
shantenBlind,3649ed06820492,1,0,0,0
shantenBlind,3649ee7482fe96,1,0,0,0
shantenNaive,3649ee770f6db6,1,0,0,0
shantenBlind,3649ed0dde9566,1,0,0,0
shantenNaive,3649ee88f87bee,1,0,0,0
shantenBlind,3649ed06820492,1,0,0,0
shantenBlind,3649ee7482fe96,1,1,0,0
shantenNaive,3649ee9078ff56,0,0,0,0
shantenBlind,3649ecd11a228a,1,0,0,0
shantenNaive,3649ee4ca486f6,0,0,0,0
shantenBlind,3649ed0dde9566,1,0,0,0
shantenNaive,3649ee770f6db6,1,1,0,0
shantenNaive,3649ee88f87bee,1,0,1,0
shantenBlind,3649ee7482fe96,1,1,0,0
shantenBlind,3649efc12eb766,1,0,0,0
shantenNaive,3649ee9078ff56,1,0,1,0
shantenBlind,3649ecd11a228a,0,0,0,0
shantenNaive,3649ee4ca486f6,1,0,0,0
shantenBlind,3649efe2c14a2e,1,0,1,0
shantenNaive,3649ee770f6db6,1,0,0,0
shantenNaive,3649efd49429c8,1,1,0,0
shantenNaive,3649efedcf4420,1,1,0,0
shantenNaive,3649ee9078ff56,1,1,0,0
shantenBlind,3649efc12eb766,1,0,1,0
shantenNaive,3649ee9078ff56,1,0,1,0
shantenBlind,3649ecd11a228a,1,0,0,0
shantenBlind,3649efc12eb766,1,0,0,0
shantenNaive,3649efd49429c8,1,0,0,0
shantenNaive,3649ee4ca486f6,1,0,1,0
shantenNaive,3649ee770f6db6,1,0,0,0
shantenNaive,3649efedcf4420,1,0,0,0
shantenBlind,3649efe2c14a2e,0,0,0,0
shantenBlind,3649efc12eb766,1,0,0,0
shantenBlind,3649efe2c14a2e,1,0,0,0
shantenNaive,3649efedcf4420,0,0,0,0
shantenNaive,3649efd49429c8,1,0,1,0
shantenNaive,3649efedcf4420,1,0,1,0
shantenNaive,3649f136ce8b62,1,0,0,0
shantenNaive,3649efd49429c8,1,0,0,0
shantenBlind,3649f159e1faa8,1,1,0,0
shantenNaive,3649efedcf4420,1,0,0,0
shantenNaive,3649f170eacd24,1,0,0,0
shantenBlind,3649f152cfde60,1,0,0,0
shantenNaive,3649f136ce8b62,1,0,0,0
shantenBlind,3649f156249e7a,1,0,1,0
shantenBlind,3649f152cfde60,1,0,0,0
shantenNaive,3649f170eacd24,1,0,1,0
shantenBlind,3649f159e1faa8,1,0,0,0
shantenNaive,3649f136ce8b62,1,1,0,0
shantenBlind,3649f156249e7a,1,0,0,0
shantenBlind,3649f159e1faa8,1,0,1,0
shantenNaive,3649f170eacd24,1,0,0,0
shantenBlind,3649f156249e7a,1,1,0,0
shantenNaive,3649f136ce8b62,1,0,0,0
shantenNaive,3649f170eacd24,1,0,0,0
shantenNaive,3649f2cf666498,1,0,0,0
shantenBlind,3649f159e1faa8,0,0,0,0
shantenBlind,3649f2f92941ba,1,0,0,0
shantenNaive,3649f2fc5c6858,1,0,0,0
shantenBlind,3649f31ae3a598,1,1,0,0
shantenBlind,3649f156249e7a,1,1,0,0
shantenNaive,3649f170eacd24,1,0,0,0
shantenNaive,3649f2cf666498,1,0,0,0
shantenBlind,3649f31783dc38,1,0,0,0
shantenNaive,3649f2cf666498,1,0,1,0
shantenNaive,3649f2fc5c6858,1,0,0,0
shantenBlind,3649f2f92941ba,1,0,0,0
shantenBlind,3649f31ae3a598,1,0,0,0
shantenBlind,3649f31783dc38,1,0,0,0
shantenBlind,3649f31ae3a598,1,0,0,0
shantenNaive,3649f2cf666498,1,0,0,0
shantenBlind,3649f2f92941ba,1,0,0,0
shantenBlind,3649f31783dc38,1,0,0,0
shantenBlind,3649f31783dc38,0,0,0,0
shantenNaive,3649f2fc5c6858,1,0,0,0
shantenBlind,3649f31ae3a598,1,0,0,0
shantenBlind,3649f2f92941ba,1,0,1,0
shantenNaive,3649f44f098cc4,1,0,0,0
shantenBlind,3649f31783dc38,1,1,0,0
shantenNaive,3649f469d68606,1,0,0,0
shantenBlind,3649f461e66416,1,0,0,0
shantenBlind,3649f48e5375b6,1,0,0,0
shantenBlind,3649f31ae3a598,1,0,0,0
shantenNaive,3649f4960defb6,1,0,0,0
shantenBlind,3649f31783dc38,1,0,0,0
shantenBlind,3649f461e66416,1,0,0,0
shantenNaive,3649f2fc5c6858,1,1,0,0
shantenNaive,3649f469d68606,0,0,0,0
shantenBlind,3649f31ae3a598,1,1,0,0
shantenNaive,3649f44f098cc4,1,0,1,0
shantenBlind,3649f48e5375b6,1,0,0,0
shantenNaive,3649f4960defb6,1,0,0,0
shantenBlind,3649f461e66416,1,1,0,0
shantenNaive,3649f469d68606,0,0,0,0
shantenBlind,3649f31ae3a598,1,0,0,0
shantenBlind,3649f461e66416,1,0,0,0
shantenBlind,3649f48e5375b6,1,0,1,0
shantenNaive,3649f44f098cc4,1,0,1,0
shantenNaive,3649f4960defb6,0,0,0,0
shantenNaive,3649f469d68606,1,1,0,0
shantenNaive,3649f2fc5c6858,1,0,1,0
shantenBlind,3649f48e5375b6,1,0,0,0
shantenBlind,3649f461e66416,1,0,0,0
shantenBlind,3649f5fc0bc422,1,1,0,0
shantenNaive,3649f4960defb6,1,1,0,0
shantenBlind,3649f60f55db26,1,1,0,0
shantenBlind,3649f6227ca9f0,1,0,0,0
shantenBlind,3649f6085fe8e8,1,0,0,0
shantenBlind,3649f5cbeed9fa,0,0,0,0
shantenNaive,3649f44f098cc4,1,0,0,0
shantenNaive,3649f4960defb6,1,0,0,0
shantenBlind,3649f60f55db26,1,0,0,0
shantenBlind,3649f5fc0bc422,1,0,1,0
shantenBlind,3649f461e66416,1,0,0,0
shantenNaive,3649f44f098cc4,1,0,0,0
shantenBlind,3649f6227ca9f0,0,0,0,0
shantenBlind,3649f5cbeed9fa,1,0,0,0
shantenNaive,3649f4960defb6,1,0,0,0
shantenBlind,3649f461e66416,1,0,0,0
shantenBlind,3649f6085fe8e8,1,0,0,0
shantenBlind,3649f60f55db26,1,0,0,0
shantenNaive,3649f44f098cc4,1,0,1,0
shantenBlind,3649f60f55db26,1,0,0,0
shantenBlind,3649f5fc0bc422,0,0,0,0
shantenBlind,3649f6227ca9f0,1,0,1,0
shantenBlind,3649f5cbeed9fa,1,0,0,0
shantenBlind,3649f5cbeed9fa,1,0,0,0
shantenBlind,3649f6085fe8e8,1,0,1,0
shantenBlind,3649f60f55db26,1,1,0,0
shantenBlind,3649f6227ca9f0,1,0,1,0
shantenBlind,3649f5fc0bc422,1,0,1,0
shantenBlind,3649f5cbeed9fa,1,1,0,0
shantenBlind,3649f60f55db26,1,0,0,0
shantenBlind,3649f6085fe8e8,1,0,0,0
shantenNaive,3649f77e16b8e0,1,0,0,0
shantenNaive,3649f7929a33d2,1,0,0,0
shantenBlind,3649f79c52d47e,1,0,1,0
shantenBlind,3649f79e220132,1,0,0,0
shantenBlind,3649f79adbffc6,1,0,0,0
shantenNaive,3649f7c8997772,1,0,0,0
shantenNaive,3649f77e16b8e0,1,0,0,0
shantenBlind,3649f79adbffc6,1,1,0,0
shantenBlind,3649f6085fe8e8,1,0,0,0
shantenNaive,3649f7929a33d2,1,0,0,0
shantenBlind,3649f79e220132,1,0,0,0
shantenNaive,3649f7c8997772,1,0,1,0
shantenBlind,3649f79c52d47e,0,0,0,0
shantenBlind,3649f79adbffc6,1,1,0,0
shantenNaive,3649f77e16b8e0,1,0,0,0
shantenNaive,3649f7c8997772,1,1,0,0
shantenBlind,3649f79e220132,1,0,0,0
shantenNaive,3649f7929a33d2,1,0,1,0
shantenBlind,3649f79c52d47e,1,0,0,0
shantenBlind,3649f6085fe8e8,1,0,0,0
shantenBlind,3649f79c52d47e,1,0,0,0
shantenBlind,3649f79adbffc6,1,0,0,0
shantenNaive,3649f901532d6e,1,0,0,0
shantenBlind,3649f79e220132,1,0,0,0
shantenNaive,3649f90aa42f94,1,0,0,0
shantenNaive,3649f7c8997772,1,0,0,0
shantenBlind,3649f6085fe8e8,1,0,1,0
shantenNaive,3649f7929a33d2,0,0,0,0
shantenBlind,3649f79c52d47e,1,0,0,0
shantenNaive,3649f77e16b8e0,0,0,0,0
shantenBlind,3649f79c52d47e,1,1,0,0
shantenBlind,3649f90fad1adc,1,0,0,0
shantenNaive,3649f77e16b8e0,1,0,0,0
shantenNaive,3649f901532d6e,1,0,1,0
shantenNaive,3649f90aa42f94,1,0,0,0
shantenNaive,3649f93815c88c,1,0,0,0
shantenBlind,3649f79adbffc6,1,0,0,0
shantenBlind,3649f6085fe8e8,1,1,0,0
shantenNaive,3649f7929a33d2,1,0,0,0
shantenBlind,3649f79e220132,1,0,0,0
shantenBlind,3649f79c52d47e,0,0,0,0
shantenBlind,3649f93fb4b9a8,1,0,1,0
shantenNaive,3649f7c8997772,1,0,0,0
shantenBlind,3649f79c52d47e,1,0,0,0
shantenBlind,3649f90fad1adc,1,0,0,0
shantenNaive,3649f901532d6e,1,0,0,0
shantenNaive,3649f93815c88c,1,0,1,0
shantenNaive,3649f90aa42f94,1,0,0,0
shantenBlind,3649f6085fe8e8,1,0,0,0
shantenBlind,3649f79adbffc6,0,0,0,0
shantenBlind,3649f93fb4b9a8,1,0,0,0
shantenBlind,3649f79e220132,0,0,0,0
shantenBlind,3649f90fad1adc,1,0,0,0
shantenNaive,3649f90aa42f94,1,0,1,0
shantenNaive,3649f93815c88c,1,1,0,0
shantenNaive,3649f901532d6e,1,0,0,0
shantenBlind,3649f79e220132,1,1,0,0
shantenBlind,3649f6085fe8e8,1,0,1,0
shantenNaive,3649f93815c88c,1,0,1,0
shantenBlind,3649f93fb4b9a8,1,1,0,0
shantenNaive,3649f90aa42f94,1,0,0,0
shantenBlind,3649f90fad1adc,1,0,0,0
shantenBlind,3649f79e220132,1,0,1,0
shantenNaive,3649f901532d6e,1,0,0,0
shantenBlind,3649fa7af3571a,1,1,0,0
shantenNaive,3649fa7c990c72,1,0,0,0
shantenBlind,3649f93fb4b9a8,1,0,1,0
shantenBlind,3649fabf028962,1,0,0,0
shantenBlind,3649fa7af3571a,1,0,0,0
shantenBlind,3649f93fb4b9a8,1,0,0,0
shantenNaive,3649fa7c990c72,1,0,0,0
shantenNaive,3649fa7a0a647e,0,0,0,0
shantenNaive,3649fabe8e9c84,0,0,0,0
shantenBlind,3649fa7af3571a,1,0,1,0
shantenNaive,3649fa7c990c72,1,0,0,0
shantenNaive,3649fabe8e9c84,1,0,0,0
shantenBlind,3649f93fb4b9a8,1,0,0,0
shantenNaive,3649fa7c990c72,1,0,0,0
shantenNaive,3649fa7a0a647e,1,0,0,0
shantenBlind,3649fa7af3571a,1,0,0,0
shantenBlind,3649fabf028962,0,0,0,0
shantenNaive,3649fa7a0a647e,1,0,0,0
shantenBlind,3649fabf028962,1,1,0,0
shantenBlind,3649f93fb4b9a8,1,0,0,0
shantenNaive,3649fabe8e9c84,0,0,0,0
shantenNaive,3649fa7a0a647e,1,0,0,0
shantenBlind,3649fbf76ab346,1,0,1,0
shantenBlind,3649fc201a6d90,1,1,0,0
shantenNaive,3649fabe8e9c84,1,0,0,0
shantenBlind,3649f93fb4b9a8,1,0,1,0
shantenBlind,3649fabf028962,1,0,0,0
shantenNaive,3649fc13d635fa,1,0,0,0
shantenBlind,3649fc282a635a,0,0,0,0
shantenNaive,3649fabe8e9c84,1,0,0,0
shantenNaive,3649fabe8e9c84,1,1,0,0
shantenBlind,3649fc201a6d90,1,0,0,0
shantenBlind,3649fc3a1f0bb0,1,0,0,0
shantenBlind,3649fabf028962,1,0,0,0
shantenNaive,3649fa7a0a647e,0,0,0,0
shantenBlind,3649fbf76ab346,1,1,0,0
shantenNaive,3649fc13d635fa,1,0,1,0
shantenNaive,3649fabe8e9c84,1,0,0,0
shantenNaive,3649fc13d635fa,1,0,1,0
shantenBlind,3649fc201a6d90,1,0,0,0
shantenNaive,3649fa7a0a647e,1,0,0,0
shantenBlind,3649fbf76ab346,1,0,0,0
shantenBlind,3649fc282a635a,0,0,0,0
shantenBlind,3649fc201a6d90,1,0,1,0
shantenNaive,3649fabe8e9c84,1,1,0,0
shantenNaive,3649fc13d635fa,1,0,1,0
shantenBlind,3649fabf028962,0,0,0,0
shantenBlind,3649fc3a1f0bb0,0,0,0,0
shantenNaive,3649fa7a0a647e,1,0,0,0
shantenBlind,3649fbf76ab346,1,1,0,0
shantenBlind,3649fc282a635a,0,0,0,0
shantenNaive,3649fabe8e9c84,0,0,0,0
shantenBlind,3649fda4298354,1,0,0,0
shantenBlind,3649fc201a6d90,1,0,0,0
shantenNaive,3649fd9fc4c51c,1,0,0,0
shantenBlind,3649fc3a1f0bb0,0,0,0,0
shantenBlind,3649fdd3dc9e2e,1,0,0,0
shantenNaive,3649fa7a0a647e,1,1,0,0
shantenNaive,3649fdbd7b44c8,1,0,1,0
shantenNaive,3649fabe8e9c84,1,1,0,0
shantenBlind,3649fbf76ab346,0,0,0,0
shantenBlind,3649fe0591b1b6,1,0,0,0
shantenBlind,3649fc282a635a,1,0,0,0
shantenBlind,3649fc3a1f0bb0,1,0,1,0
shantenNaive,3649fd9fc4c51c,1,1,0,0
shantenBlind,3649fbf76ab346,1,0,1,0
shantenBlind,3649fc201a6d90,1,0,0,0
shantenBlind,3649fdd3dc9e2e,1,0,0,0
shantenBlind,3649fe0591b1b6,1,0,1,0
shantenBlind,3649fda4298354,0,0,0,0
shantenBlind,3649fc282a635a,1,0,0,0
shantenNaive,3649fdbd7b44c8,1,0,1,0
shantenNaive,3649fd9fc4c51c,1,0,1,0
shantenBlind,3649fc3a1f0bb0,1,0,0,0
shantenBlind,3649fbf76ab346,1,1,0,0
shantenBlind,3649fc282a635a,1,0,0,0
shantenBlind,3649fda4298354,1,1,0,0
shantenBlind,3649fdd3dc9e2e,0,0,0,0
shantenNaive,3649fdbd7b44c8,1,0,0,0
shantenNaive,3649fd9fc4c51c,1,0,0,0
shantenBlind,3649fc282a635a,1,1,0,0
shantenBlind,3649fe0591b1b6,1,0,1,0
shantenBlind,3649fda4298354,1,0,0,0
shantenBlind,3649fc3a1f0bb0,0,0,0,0
shantenNaive,3649ff1ee76d80,1,0,0,0
shantenBlind,3649ff0182214a,1,1,0,0
shantenBlind,3649fdd3dc9e2e,1,0,0,0
shantenBlind,3649fda4298354,1,0,0,0
shantenNaive,3649fdbd7b44c8,1,1,0,0
shantenBlind,3649fc3a1f0bb0,1,0,0,0
shantenBlind,3649ff48b622dc,1,0,1,0
shantenBlind,3649fe0591b1b6,1,0,0,0
shantenBlind,3649fdd3dc9e2e,1,1,0,0
shantenNaive,3649fdbd7b44c8,1,0,1,0
shantenNaive,3649ff1ee76d80,1,0,1,0
shantenBlind,3649ff48b622dc,1,0,0,0
shantenBlind,3649ffdbdfb0b4,1,0,0,0
shantenBlind,3649fc3a1f0bb0,1,0,0,0
shantenBlind,3649ff0182214a,1,0,0,0
shantenNaive,3649ff1ee76d80,1,0,1,0
shantenBlind,3649fda4298354,1,1,0,0
shantenBlind,3649ff48b622dc,1,0,0,0
shantenNaive,3649ffe72d6696,1,0,1,0
shantenBlind,3649ffdbdfb0b4,1,0,0,0
shantenNaive,3649ff1ee76d80,1,0,0,0
shantenBlind,3649ff48b622dc,1,0,1,0
shantenBlind,3649fc3a1f0bb0,0,0,0,0
shantenBlind,3649fda4298354,1,0,0,0
shantenBlind,3649ff0182214a,1,0,0,0
shantenNaive,3649ffe72d6696,1,1,0,0
shantenNaive,3649ff1ee76d80,1,0,0,0
shantenBlind,3649ff48b622dc,1,0,1,0
shantenBlind,3649ffdbdfb0b4,0,0,0,0
shantenBlind,3649ff0182214a,1,0,0,0
shantenNaive,3649ffe72d6696,1,0,1,0
shantenBlind,364a00f4ad970e,1,0,0,0
shantenBlind,364a00cf1ee556,1,0,0,0
shantenBlind,3649fc3a1f0bb0,1,0,0,0
shantenBlind,3649ff0182214a,1,0,0,0
shantenBlind,3649ffdbdfb0b4,1,0,0,0
shantenBlind,364a00f4ad970e,1,0,1,0
shantenNaive,3649ff1ee76d80,0,0,0,0
shantenNaive,3649ffe72d6696,1,0,0,0
shantenBlind,364a00cf1ee556,1,0,0,0
shantenBlind,3649fc3a1f0bb0,1,1,0,0
shantenBlind,364a00f4ad970e,1,0,0,0
shantenBlind,3649fc3a1f0bb0,1,0,0,0
shantenBlind,364a00cf1ee556,1,0,1,0
shantenBlind,364a00f4ad970e,1,0,0,0
shantenNaive,3649ffe72d6696,1,0,0,0
shantenBlind,364a00cf1ee556,1,0,1,0
shantenBlind,3649fc3a1f0bb0,1,0,0,0
shantenBlind,364a00cf1ee556,1,0,0,0
shantenNaive,3649ffe72d6696,1,0,0,0
shantenBlind,364a00cf1ee556,1,0,0,0
shantenBlind,3649fc3a1f0bb0,1,0,0,0
shantenBlind,364a00cf1ee556,1,0,0,0
shantenBlind,3649fc3a1f0bb0,1,0,1,0
shantenBlind,3649fc3a1f0bb0,1,0,1,0
shantenNaive,364a04ef11bb78,1,0,0,0
shantenBlind,364a04e7c5f546,1,0,0,0
shantenBlind,364a04e57a3072,1,0,0,0
shantenBlind,364a04e94e844e,0,0,0,0
shantenNaive,364a04ec774fd8,1,0,0,0
shantenNaive,364a04ef11bb78,1,0,1,0
shantenBlind,364a04e7c5f546,1,0,0,0
shantenBlind,364a04e57a3072,1,0,0,0
shantenBlind,364a04e94e844e,1,0,1,0
shantenBlind,364a04e7c5f546,1,0,0,0
shantenBlind,364a04e94e844e,1,0,0,0
shantenNaive,364a04ec774fd8,1,0,0,0
shantenNaive,364a04ef11bb78,0,0,0,0
shantenBlind,364a04e94e844e,1,0,0,0
shantenNaive,364a065b98e016,1,0,1,0
shantenBlind,364a06517a952c,1,0,1,0
shantenNaive,364a065cc464da,1,1,0,0
shantenBlind,364a06816ad3fa,1,0,0,0
shantenNaive,364a065b98e016,1,0,1,0
shantenBlind,364a0650a2d2f4,1,0,0,0
shantenNaive,364a065cc464da,1,0,0,0
shantenBlind,364a06517a952c,1,0,0,0
shantenBlind,364a06816ad3fa,1,0,0,0
shantenBlind,364a0650a2d2f4,1,0,0,0
shantenNaive,364a065b98e016,1,0,0,0
shantenNaive,364a065cc464da,1,0,0,0
shantenBlind,364a06816ad3fa,1,0,1,0
shantenNaive,364a065cc464da,1,1,0,0
shantenBlind,364a06517a952c,1,0,1,0
shantenNaive,364a065b98e016,1,1,0,0
shantenBlind,364a06816ad3fa,1,0,1,0
shantenBlind,364a06517a952c,1,0,1,0
shantenBlind,364a0650a2d2f4,1,0,0,0
shantenNaive,364a065cc464da,1,0,0,0
shantenNaive,364a065b98e016,1,0,0,0
shantenBlind,364a06816ad3fa,1,0,1,0
shantenBlind,364a06816ad3fa,1,0,1,0
shantenNaive,364a065b98e016,1,0,0,0
shantenNaive,364a065cc464da,1,0,0,0
shantenBlind,364a0650a2d2f4,1,1,0,0
shantenNaive,364a065b98e016,1,0,0,0
shantenNaive,364a0a944fa168,1,1,0,0
shantenBlind,364a0abba37974,1,0,1,0
shantenBlind,364a0ac9de9fc8,1,0,0,0
shantenBlind,364a0aca0a2560,1,0,0,0
shantenNaive,364a0aa3c7a166,1,0,0,0
shantenBlind,364a0abba37974,1,1,0,0
shantenNaive,364a0a944fa168,1,0,0,0
shantenBlind,364a0aca0a2560,1,1,0,0
shantenNaive,364a0aa3c7a166,1,0,0,0
shantenBlind,364a0abba37974,1,0,0,0
shantenBlind,364a0ac9de9fc8,1,0,0,0
shantenNaive,364a0a944fa168,1,0,0,0
shantenBlind,364a0abba37974,1,1,0,0
shantenBlind,364a0ac9de9fc8,1,0,1,0
shantenNaive,364a0a944fa168,1,0,0,0
shantenBlind,364a0aca0a2560,1,0,0,0
shantenNaive,364a0aa3c7a166,0,0,0,0
shantenNaive,364a0aa3c7a166,1,0,1,0
shantenBlind,364a0aca0a2560,1,0,0,0
shantenBlind,364a0aca0a2560,1,0,0,0
shantenNaive,364a0a944fa168,0,0,0,0
shantenBlind,364a0ac9de9fc8,1,0,1,0
shantenNaive,364a0aa3c7a166,1,0,0,0
shantenBlind,364a0ac9de9fc8,1,0,1,0
shantenBlind,364a0aca0a2560,1,1,0,0
shantenNaive,364a0a944fa168,1,0,0,0
shantenNaive,364a0d810b057e,1,0,0,0
shantenBlind,364a0d79a30bf4,1,0,1,0
shantenBlind,364a0d7c02789e,1,0,1,0
shantenBlind,364a0d709567e6,1,1,0,0
shantenNaive,364a0a944fa168,1,1,0,0
shantenNaive,364a0da5101a5c,1,0,0,0
shantenBlind,364a0d709567e6,1,0,0,0
shantenBlind,364a0d7c02789e,1,0,0,0
shantenNaive,364a0d810b057e,1,0,0,0
shantenBlind,364a0d709567e6,1,0,0,0
shantenNaive,364a0da5101a5c,1,0,0,0
shantenBlind,364a0d79a30bf4,1,0,0,0
shantenNaive,364a0a944fa168,1,0,0,0
shantenNaive,364a0d810b057e,1,0,0,0
shantenBlind,364a0d7c02789e,1,0,0,0
shantenNaive,364a0da5101a5c,1,0,0,0
shantenBlind,364a0d709567e6,1,0,0,0
shantenBlind,364a0d79a30bf4,1,0,0,0
shantenNaive,364a0d810b057e,1,0,1,0
shantenNaive,364a0d810b057e,1,0,0,0
shantenBlind,364a0d7c02789e,1,0,1,0
shantenNaive,364a0da5101a5c,1,1,0,0
shantenNaive,364a0d810b057e,1,0,0,0
shantenBlind,364a0d79a30bf4,1,0,1,0
shantenNaive,364a0da5101a5c,1,0,1,0
shantenBlind,364a0d79a30bf4,1,0,0,0
shantenNaive,364a1053a622d0,1,1,0,0
shantenNaive,364a107c3e12fc,1,0,0,0
shantenBlind,364a104f9fafb2,1,0,1,0
shantenNaive,364a1053a622d0,1,0,1,0
shantenBlind,364a1080d6f61c,0,0,0,0
shantenBlind,364a10a36452d8,1,0,0,0
shantenNaive,364a1053a622d0,1,0,0,0
shantenNaive,364a107c3e12fc,1,0,0,0
shantenBlind,364a104f9fafb2,1,1,0,0
shantenBlind,364a1080d6f61c,1,1,0,0
shantenNaive,364a1053a622d0,1,0,1,0
shantenBlind,364a10a36452d8,1,1,0,0
shantenBlind,364a10a36452d8,1,1,0,0
shantenNaive,364a107c3e12fc,1,0,1,0
shantenBlind,364a1080d6f61c,1,1,0,0
shantenBlind,364a104f9fafb2,1,0,0,0
shantenNaive,364a1053a622d0,1,1,0,0
shantenBlind,364a1080d6f61c,1,0,0,0
shantenNaive,364a11d3128706,1,1,0,0
shantenBlind,364a10a36452d8,1,0,0,0
shantenNaive,364a107c3e12fc,1,0,1,0
shantenBlind,364a11bf8d4ffe,1,0,0,0
shantenNaive,364a11e444d8ec,1,0,0,0
shantenBlind,364a104f9fafb2,1,0,0,0
shantenBlind,364a11c15cfd98,1,0,1,0
shantenNaive,364a11d3128706,1,0,0,0
shantenNaive,364a11e444d8ec,1,0,0,0
shantenBlind,364a104f9fafb2,1,1,0,0
shantenBlind,364a1213cfcddc,0,0,0,0
shantenBlind,364a11bf8d4ffe,1,0,1,0
shantenBlind,364a11c15cfd98,1,0,0,0
shantenNaive,364a11d3128706,1,0,0,0
shantenBlind,364a104f9fafb2,1,0,0,0
shantenNaive,364a11e444d8ec,1,0,1,0
shantenBlind,364a1213cfcddc,1,0,1,0
shantenBlind,364a11c15cfd98,1,0,0,0
shantenNaive,364a11d3128706,1,1,0,0
shantenBlind,364a11bf8d4ffe,1,0,0,0
shantenNaive,364a11e444d8ec,1,0,0,0
shantenBlind,364a11bf8d4ffe,1,0,1,0
shantenBlind,364a11c15cfd98,1,0,0,0
shantenNaive,364a11d3128706,1,0,0,0
shantenBlind,364a11c15cfd98,1,0,1,0
shantenBlind,364a1213cfcddc,1,0,0,0
shantenBlind,364a11bf8d4ffe,1,0,0,0
shantenBlind,364a1213cfcddc,1,0,0,0
shantenNaive,364a11d3128706,1,0,0,0
shantenBlind,364a1213cfcddc,1,0,1,0
shantenBlind,364a11bf8d4ffe,1,0,0,0
shantenNaive,364a11d3128706,1,0,1,0
shantenNaive,364a11d3128706,1,0,0,0
shantenBlind,364a1213cfcddc,1,0,0,0
shantenBlind,364a11bf8d4ffe,1,0,0,0
shantenNaive,364a14eef8cd4c,1,0,1,0
shantenBlind,364a1513e4516a,1,1,0,0
shantenBlind,364a14df5cce88,1,0,0,0
shantenNaive,364a14eef8cd4c,1,1,0,0
shantenNaive,364a151e83a6c2,1,0,0,0
shantenBlind,364a14df5cce88,1,1,0,0
shantenBlind,364a1513e4516a,1,0,0,0
shantenNaive,364a151e83a6c2,1,0,0,0
shantenBlind,364a14f325809a,1,0,0,0
shantenNaive,364a14eef8cd4c,1,1,0,0
shantenBlind,364a14df5cce88,1,1,0,0
shantenBlind,364a1513e4516a,1,0,0,0
shantenNaive,364a151e83a6c2,1,0,1,0
shantenBlind,364a14df5cce88,1,0,1,0
shantenNaive,364a14eef8cd4c,1,0,0,0
shantenBlind,364a14f325809a,0,0,0,0
shantenNaive,364a151e83a6c2,1,0,0,0
shantenBlind,364a1513e4516a,1,1,0,0
shantenNaive,364a14eef8cd4c,1,1,0,0
shantenBlind,364a14df5cce88,1,0,0,0
shantenBlind,364a167ac4a688,1,0,1,0
shantenNaive,364a14eef8cd4c,1,0,0,0
shantenNaive,364a1661921a4c,1,0,0,0
shantenNaive,364a1675f5cab2,1,0,1,0
shantenBlind,364a167ac4a688,1,0,0,0
shantenBlind,364a14f325809a,1,0,0,0
shantenNaive,364a151e83a6c2,0,0,0,0
shantenNaive,364a166432c4e0,1,0,0,0
shantenBlind,364a1673e440a8,1,0,0,0
shantenNaive,364a14eef8cd4c,1,0,0,0
shantenBlind,364a1513e4516a,1,1,0,0
shantenNaive,364a1661921a4c,1,0,0,0
shantenNaive,364a166432c4e0,1,0,0,0
shantenNaive,364a1675f5cab2,1,0,0,0
shantenNaive,364a16a0870a00,0,0,0,0
shantenBlind,364a167ac4a688,1,1,0,0
shantenBlind,364a1673e440a8,1,1,0,0
shantenNaive,364a151e83a6c2,1,0,0,0
shantenNaive,364a14eef8cd4c,1,0,0,0
shantenNaive,364a1675f5cab2,1,0,1,0
shantenNaive,364a166432c4e0,1,0,1,0
shantenNaive,364a16a0870a00,1,0,1,0
shantenBlind,364a14f325809a,1,0,0,0
shantenNaive,364a16a0870a00,1,0,0,0
shantenNaive,364a151e83a6c2,1,0,0,0
shantenNaive,364a1661921a4c,1,0,0,0
shantenBlind,364a167ac4a688,0,0,0,0
shantenNaive,364a1675f5cab2,1,0,1,0
shantenBlind,364a1673e440a8,0,0,0,0
shantenNaive,364a166432c4e0,1,0,0,0
shantenNaive,364a1661921a4c,1,0,0,0
shantenBlind,364a1673e440a8,1,1,0,0
shantenBlind,364a14f325809a,1,0,0,0
shantenNaive,364a1661921a4c,1,0,0,0
shantenBlind,364a167ac4a688,1,0,1,0
shantenNaive,364a16a0870a00,1,1,0,0
shantenBlind,364a1673e440a8,1,1,0,0
shantenNaive,364a18364fcd1e,1,0,1,0
shantenNaive,364a181725b5a2,1,0,0,0
shantenNaive,364a181ccb6e3e,1,0,1,0
shantenBlind,364a167ac4a688,1,0,0,0
shantenNaive,364a181725b5a2,1,0,1,0
shantenNaive,364a16a0870a00,0,0,0,0
shantenBlind,364a1673e440a8,1,0,0,0
shantenNaive,364a18364fcd1e,1,0,0,0
shantenNaive,364a181ccb6e3e,1,1,0,0
shantenBlind,364a184a3d7f06,1,0,0,0
shantenBlind,364a184738335a,1,0,0,0
shantenNaive,364a18364fcd1e,1,0,0,0
shantenBlind,364a167ac4a688,1,0,1,0
shantenBlind,364a167ac4a688,1,0,1,0
shantenBlind,364a1673e440a8,1,1,0,0
shantenBlind,364a184738335a,1,0,1,0
shantenNaive,364a181725b5a2,1,0,0,0
shantenBlind,364a167ac4a688,1,0,1,0
shantenBlind,364a184a3d7f06,1,0,0,0
shantenNaive,364a18364fcd1e,1,0,0,0
shantenNaive,364a181ccb6e3e,1,0,0,0
shantenBlind,364a184738335a,1,0,1,0
shantenNaive,364a18364fcd1e,1,0,0,0
shantenBlind,364a1673e440a8,1,0,0,0
shantenNaive,364a181725b5a2,1,0,0,0
shantenBlind,364a184738335a,1,1,0,0
shantenNaive,364a181ccb6e3e,1,1,0,0
shantenNaive,364a181725b5a2,1,0,1,0
shantenNaive,364a18364fcd1e,1,0,0,0
shantenBlind,364a197cca5c16,1,0,0,0
shantenNaive,364a19e9266da4,1,0,0,0
shantenBlind,364a184738335a,1,0,1,0
shantenNaive,364a1984970d44,0,0,0,0
shantenBlind,364a1673e440a8,1,1,0,0
shantenNaive,364a19e9266da4,1,0,0,0
shantenNaive,364a19ee70dac2,1,0,0,0
shantenNaive,364a19d201ea98,1,0,0,0
shantenNaive,364a1984970d44,1,0,1,0
shantenNaive,364a19ee70dac2,1,0,1,0
shantenNaive,364a19e9266da4,1,0,0,0
shantenBlind,364a197cca5c16,0,0,0,0
shantenNaive,364a1984970d44,1,0,0,0
shantenNaive,364a19d201ea98,1,0,0,0
shantenNaive,364a19e9266da4,1,0,0,0
shantenNaive,364a19ee70dac2,1,0,1,0
shantenNaive,364a19e9266da4,1,0,0,0
shantenNaive,364a1984970d44,1,0,0,0
shantenBlind,364a197cca5c16,1,1,0,0
shantenNaive,364a19d201ea98,0,0,0,0
shantenNaive,364a19ee70dac2,1,1,0,0
shantenNaive,364a1984970d44,1,0,0,0
shantenNaive,364a1984970d44,1,0,0,0
shantenNaive,364a19d201ea98,1,0,1,0
shantenBlind,364a197cca5c16,1,0,0,0
shantenBlind,364a197cca5c16,1,1,0,0
shantenNaive,364a19ee70dac2,1,0,0,0
shantenNaive,364a19d201ea98,1,0,1,0
shantenNaive,364a1984970d44,0,0,0,0
shantenNaive,364a1984970d44,1,0,0,0
shantenNaive,364a1ca636271c,1,1,0,0
shantenNaive,364a1ca636271c,1,1,0,0
shantenNaive,364a1cbf8104f0,1,0,0,0
shantenBlind,364a1ca6635fe0,1,1,0,0
shantenNaive,364a1cbf8104f0,1,0,1,0
shantenNaive,364a1c9ba6b070,1,0,0,0
shantenNaive,364a1cb199ca3e,1,0,1,0
shantenBlind,364a1ca6635fe0,1,0,0,0
shantenNaive,364a1cbf8104f0,1,0,0,0
shantenNaive,364a1cb199ca3e,1,0,0,0
shantenNaive,364a1ca636271c,0,0,0,0
shantenNaive,364a1c9ba6b070,1,0,0,0
shantenBlind,364a1ca6635fe0,1,0,1,0
shantenNaive,364a1cbf8104f0,1,0,0,0
shantenNaive,364a1ca636271c,1,0,0,0
shantenNaive,364a1cb199ca3e,1,0,1,0
shantenBlind,364a1ca6635fe0,1,0,0,0
shantenNaive,364a1c9ba6b070,1,0,1,0
shantenNaive,364a1cbf8104f0,1,0,0,0
shantenNaive,364a1ca636271c,1,0,0,0
shantenNaive,364a1cb199ca3e,1,0,0,0
shantenNaive,364a1c9ba6b070,1,0,0,0
shantenNaive,364a1ca636271c,1,0,0,0
shantenBlind,364a1ca6635fe0,1,0,0,0
shantenNaive,364a1e258dbd3c,1,0,0,0
shantenBlind,364a1e263e5548,1,0,0,0
shantenBlind,364a1e4810a93c,1,0,0,0
shantenNaive,364a1e2f25b85e,1,0,0,0
shantenNaive,364a1e401a341c,1,0,1,0
shantenNaive,364a1cb199ca3e,1,0,1,0
shantenNaive,364a1e258dbd3c,1,0,0,0
shantenNaive,364a1cbf8104f0,0,0,0,0
shantenBlind,364a1e263e5548,1,0,0,0
shantenNaive,364a1e2f25b85e,1,0,0,0
shantenNaive,364a1e401a341c,1,0,1,0
shantenBlind,364a1e4810a93c,1,0,0,0
shantenBlind,364a1e263e5548,1,0,0,0
shantenBlind,364a1ca6635fe0,0,0,0,0
shantenNaive,364a1e401a341c,1,0,0,0
shantenNaive,364a1e258dbd3c,1,0,0,0
shantenBlind,364a1e4810a93c,1,0,0,0
shantenBlind,364a1e263e5548,1,0,1,0
shantenNaive,364a1e2f25b85e,1,0,0,0
shantenNaive,364a1e401a341c,1,0,1,0
shantenBlind,364a1e4810a93c,1,0,0,0
shantenNaive,364a1e2f25b85e,1,1,0,0
shantenNaive,364a1e401a341c,1,0,0,0
shantenNaive,364a1e2f25b85e,1,0,0,0
shantenBlind,364a1e4810a93c,1,0,0,0
shantenNaive,364a1e2f25b85e,1,0,0,0
shantenNaive,364a1e2f25b85e,1,0,0,0
shantenNaive,364a2122a5d9a8,1,0,1,0
shantenBlind,364a212bde5572,1,0,1,0
shantenNaive,364a1e2f25b85e,1,0,0,0
shantenNaive,364a2122726974,1,0,1,0
shantenNaive,364a2122a5d9a8,1,0,0,0
shantenBlind,364a2143fdc0ca,1,0,1,0
shantenBlind,364a2143fdc0ca,1,0,1,0
shantenBlind,364a210c1fc3f6,0,0,0,0
shantenNaive,364a1e2f25b85e,1,0,1,0
shantenBlind,364a212bde5572,0,0,0,0
shantenNaive,364a2122726974,1,1,0,0
shantenBlind,364a2143fdc0ca,1,1,0,0
shantenNaive,364a2122a5d9a8,1,0,1,0
shantenBlind,364a210c1fc3f6,1,0,0,0
shantenBlind,364a212bde5572,0,0,0,0
shantenBlind,364a212bde5572,1,0,0,0
shantenBlind,364a2143fdc0ca,1,0,0,0
shantenNaive,364a2122a5d9a8,1,0,0,0
shantenBlind,364a210c1fc3f6,1,0,0,0
shantenNaive,364a2122726974,0,0,0,0
shantenNaive,364a2122a5d9a8,1,1,0,0
shantenBlind,364a212bde5572,0,0,0,0
shantenBlind,364a2143fdc0ca,1,0,1,0
shantenBlind,364a210c1fc3f6,1,0,0,0
shantenNaive,364a2122726974,1,0,0,0
shantenNaive,364a2122726974,1,1,0,0
shantenBlind,364a212bde5572,1,1,0,0
shantenNaive,364a2122a5d9a8,1,0,0,0
shantenBlind,364a210c1fc3f6,1,0,0,0
shantenBlind,364a2143fdc0ca,0,0,0,0
shantenNaive,364a2122726974,1,0,1,0
shantenNaive,364a2122726974,1,0,1,0
shantenBlind,364a257033f30e,1,0,0,0
shantenNaive,364a258216fd28,1,0,0,0
shantenNaive,364a257a6eda3a,0,0,0,0
shantenBlind,364a25801e3432,1,0,0,0
shantenNaive,364a258aa0085e,0,0,0,0
shantenNaive,364a258216fd28,1,0,1,0
shantenBlind,364a257033f30e,1,1,0,0
shantenBlind,364a25801e3432,1,0,0,0
shantenNaive,364a257a6eda3a,1,0,0,0
shantenNaive,364a258216fd28,1,0,1,0
shantenBlind,364a25801e3432,1,0,1,0
shantenNaive,364a258aa0085e,1,1,0,0
shantenNaive,364a257a6eda3a,1,0,0,0
shantenNaive,364a258216fd28,1,0,0,0
shantenNaive,364a258216fd28,1,0,0,0
shantenNaive,364a258aa0085e,1,0,0,0
shantenNaive,364a257a6eda3a,1,0,0,0
shantenBlind,364a25801e3432,0,0,0,0
shantenNaive,364a257a6eda3a,1,0,1,0
shantenNaive,364a258216fd28,1,0,0,0
shantenNaive,364a258aa0085e,1,0,0,0
shantenBlind,364a25801e3432,0,0,0,0
shantenNaive,364a257a6eda3a,1,0,0,0
shantenNaive,364a258aa0085e,1,0,0,0
shantenBlind,364a25801e3432,1,0,0,0
shantenNaive,364a257a6eda3a,1,0,0,0
shantenNaive,364a257a6eda3a,1,1,0,0
shantenBlind,364a2b6bfa6a06,1,1,0,0
shantenBlind,364a2b4f14a8fc,1,0,0,0
shantenBlind,364a2b3d3ab694,1,0,0,0
shantenNaive,364a2b4acaf3b6,1,0,1,0
shantenNaive,364a2b4acaf3b6,1,0,1,0
shantenNaive,364a2b610f24ba,1,0,0,0
shantenBlind,364a2b4f14a8fc,1,1,0,0
shantenBlind,364a2b3d3ab694,1,0,0,0
shantenNaive,364a2b610f24ba,1,0,1,0
shantenBlind,364a2b6bfa6a06,1,0,0,0
shantenNaive,364a2b610f24ba,1,0,1,0
shantenBlind,364a2b4f14a8fc,0,0,0,0
shantenBlind,364a2b3d3ab694,1,0,1,0
shantenNaive,364a2b4acaf3b6,1,0,0,0
shantenNaive,364a2b610f24ba,1,0,0,0
shantenBlind,364a2b4f14a8fc,1,1,0,0
shantenBlind,364a2b3d3ab694,1,1,0,0
shantenBlind,364a2b6bfa6a06,1,0,0,0
shantenNaive,364a2b610f24ba,1,0,0,0
shantenNaive,364a2b4acaf3b6,1,0,0,0
shantenBlind,364a2b4f14a8fc,1,0,0,0
shantenBlind,364a2b3d3ab694,1,1,0,0
shantenBlind,364a2b6bfa6a06,1,0,0,0
shantenBlind,364a2ccee13fa4,1,0,0,0
shantenBlind,364a2cfc053f58,1,0,0,0
shantenNaive,364a2cdda95288,0,0,0,0
shantenNaive,364a2d136b09a2,1,0,0,0
shantenBlind,364a2b6bfa6a06,1,0,0,0
shantenBlind,364a2b3d3ab694,1,1,0,0
shantenBlind,364a2ccee13fa4,1,0,0,0
shantenNaive,364a2cdda95288,1,0,1,0
shantenNaive,364a2d02868594,1,0,0,0
shantenBlind,364a2cfc053f58,1,0,0,0
shantenNaive,364a2cdda95288,1,0,0,0
shantenNaive,364a2d02868594,1,0,1,0
shantenNaive,364a2d136b09a2,1,0,1,0
shantenBlind,364a2b6bfa6a06,1,0,0,0
shantenBlind,364a2ccee13fa4,1,1,0,0
shantenBlind,364a2cfc053f58,1,0,0,0
shantenBlind,364a2b3d3ab694,1,0,1,0
shantenBlind,364a2ccee13fa4,1,1,0,0
shantenNaive,364a2d02868594,1,0,0,0
shantenBlind,364a2cfc053f58,1,0,0,0
shantenNaive,364a2d136b09a2,1,0,0,0
shantenBlind,364a2b6bfa6a06,1,0,0,0
shantenNaive,364a2cdda95288,1,0,0,0
shantenBlind,364a2b3d3ab694,1,0,0,0
shantenBlind,364a2b3d3ab694,1,1,0,0
shantenNaive,364a2cdda95288,1,0,0,0
shantenNaive,364a2e703fe03e,1,0,0,0
shantenNaive,364a2e7c45f1de,1,1,0,0
shantenNaive,364a2d02868594,1,0,1,0
shantenBlind,364a2e58263cf8,1,0,0,0
shantenBlind,364a2ccee13fa4,0,0,0,0
shantenNaive,364a2e4ffadf1a,1,1,0,0
shantenNaive,364a2d136b09a2,1,0,0,0
shantenBlind,364a2b6bfa6a06,1,0,0,0
shantenNaive,364a2cdda95288,1,0,1,0
shantenNaive,364a2e7c45f1de,1,0,0,0
shantenBlind,364a2e58263cf8,1,0,1,0
shantenNaive,364a2e703fe03e,1,0,1,0
shantenBlind,364a2e858b6e90,0,0,0,0
shantenNaive,364a2e4ffadf1a,1,0,0,0
shantenBlind,364a2ccee13fa4,1,0,1,0
shantenNaive,364a2d02868594,1,0,0,0
shantenNaive,364a2e4ffadf1a,1,0,0,0
shantenBlind,364a2e58263cf8,1,0,0,0
shantenNaive,364a2e703fe03e,1,0,1,0
shantenNaive,364a2e7c45f1de,0,0,0,0
shantenNaive,364a2cdda95288,1,0,0,0
shantenNaive,364a2e703fe03e,1,0,1,0
shantenBlind,364a2e858b6e90,1,0,0,0
shantenBlind,364a2ccee13fa4,1,0,0,0
shantenNaive,364a2e4ffadf1a,1,0,1,0
shantenBlind,364a2e58263cf8,1,0,0,0
shantenNaive,364a2cdda95288,1,0,1,0
shantenNaive,364a2e7c45f1de,1,0,0,0
shantenBlind,364a2ccee13fa4,1,0,0,0
shantenNaive,364a2cdda95288,1,0,0,0
shantenNaive,364a2e4ffadf1a,1,0,1,0
shantenBlind,364a2e858b6e90,0,0,0,0
shantenNaive,364a2e7c45f1de,1,0,0,0
shantenBlind,364a2e58263cf8,1,0,0,0
shantenNaive,364a2e7c45f1de,1,1,0,0
shantenBlind,364a2e58263cf8,1,0,0,0
shantenBlind,364a2fdb67c632,1,1,0,0
shantenNaive,364a2cdda95288,1,0,0,0
shantenBlind,364a2fbf57b8c6,0,0,0,0
shantenNaive,364a2e7c45f1de,1,0,0,0
shantenBlind,364a2fdb67c632,1,0,0,0
shantenBlind,364a3010351338,1,0,0,0
shantenNaive,364a2e4ffadf1a,1,0,1,0
shantenNaive,364a2e4ffadf1a,1,0,1,0
shantenNaive,364a3014706286,1,0,0,0
shantenBlind,364a2e858b6e90,1,0,0,0
shantenBlind,364a2fdb67c632,1,1,0,0
shantenBlind,364a2fbf57b8c6,1,0,1,0
shantenNaive,364a2e7c45f1de,1,0,0,0
shantenBlind,364a303ac65756,1,0,0,0
shantenNaive,364a2e4ffadf1a,1,0,0,0
shantenNaive,364a3014706286,1,0,0,0
shantenBlind,364a2e858b6e90,1,0,0,0
shantenBlind,364a3010351338,1,0,0,0
shantenBlind,364a303ac65756,1,0,0,0
shantenBlind,364a2fbf57b8c6,1,0,1,0
shantenBlind,364a2fdb67c632,1,0,0,0
shantenNaive,364a2e7c45f1de,1,0,0,0
shantenBlind,364a2e858b6e90,1,1,0,0
shantenBlind,364a3010351338,1,0,1,0
shantenBlind,364a303ac65756,1,0,0,0
shantenBlind,364a2fdb67c632,1,0,1,0
shantenNaive,364a311ce90c46,1,0,0,0
shantenNaive,364a311c4e40c8,1,0,1,0
shantenBlind,364a2fbf57b8c6,1,0,0,0
shantenBlind,364a2e858b6e90,1,0,1,0
shantenNaive,364a3117909516,1,0,0,0
shantenBlind,364a3010351338,1,0,0,0
shantenNaive,364a311ce90c46,1,0,1,0
shantenBlind,364a3118d250cc,1,0,1,0
shantenBlind,364a2fdb67c632,1,0,0,0
shantenNaive,364a311c659546,1,0,1,0
shantenBlind,364a2fbf57b8c6,1,0,1,0
shantenBlind,364a303ac65756,1,0,1,0
shantenBlind,364a303ac65756,1,0,1,0
shantenNaive,364a311ab96812,0,0,0,0
shantenBlind,364a3118d250cc,1,0,1,0
shantenNaive,364a311c4e40c8,1,0,0,0
shantenNaive,364a311ce90c46,1,0,1,0
shantenNaive,364a311c659546,1,0,0,0
shantenNaive,364a3117909516,1,0,0,0
shantenBlind,364a3118d250cc,1,1,0,0
shantenBlind,364a3010351338,0,0,0,0
shantenBlind,364a2fbf57b8c6,0,0,0,0
shantenBlind,364a303ac65756,1,0,0,0
shantenNaive,364a311ab96812,1,0,0,0
shantenNaive,364a311ce90c46,1,0,1,0
shantenNaive,364a311c659546,1,0,0,0
shantenNaive,364a311c4e40c8,1,0,1,0
shantenNaive,364a311ab96812,1,0,1,0
shantenBlind,364a3010351338,1,0,0,0
shantenBlind,364a3118d250cc,1,0,0,0
shantenNaive,364a311c659546,1,0,1,0
shantenBlind,364a2fbf57b8c6,1,0,0,0
shantenNaive,364a311c4e40c8,1,0,1,0
shantenNaive,364a311ce90c46,1,0,0,0
shantenNaive,364a3117909516,0,0,0,0
shantenBlind,364a303ac65756,0,0,0,0
shantenBlind,364a3010351338,1,0,0,0
shantenNaive,364a311ab96812,1,0,1,0
shantenBlind,364a3118d250cc,1,0,0,0
shantenNaive,364a311ce90c46,1,0,0,0
shantenNaive,364a311ab96812,1,0,1,0
shantenNaive,364a311c659546,1,0,0,0
shantenNaive,364a311c4e40c8,1,0,0,0
shantenBlind,364a303ac65756,1,0,1,0
shantenNaive,364a3117909516,1,0,0,0
shantenNaive,364a311c659546,1,1,0,0
shantenBlind,364a303ac65756,1,0,0,0
shantenNaive,364a311c4e40c8,1,0,1,0
shantenNaive,364a3117909516,1,0,0,0
shantenBlind,364a303ac65756,1,0,0,0
shantenBlind,364a35610a705a,1,0,0,0
shantenBlind,364a35654cd0a4,1,0,1,0
shantenBlind,364a358be5f4ca,1,0,0,0
shantenNaive,364a35adb2199e,1,0,0,0
shantenNaive,364a35a099a9b6,1,0,0,0
shantenBlind,364a35654cd0a4,1,0,0,0
shantenNaive,364a35adb2199e,1,1,0,0
shantenBlind,364a358be5f4ca,1,0,0,0
shantenBlind,364a35610a705a,1,1,0,0
shantenNaive,364a35a099a9b6,1,0,0,0
shantenBlind,364a35610a705a,1,0,0,0
shantenBlind,364a35654cd0a4,1,0,0,0
shantenNaive,364a35adb2199e,1,1,0,0
shantenBlind,364a35654cd0a4,1,1,0,0
shantenNaive,364a35a099a9b6,1,0,1,0
shantenBlind,364a358be5f4ca,1,0,1,0
shantenBlind,364a35610a705a,1,0,0,0
shantenBlind,364a36dd81168a,1,1,0,0
shantenNaive,364a35adb2199e,0,0,0,0
shantenNaive,364a36d448f810,1,0,0,0
shantenNaive,364a36d448f810,1,0,0,0
shantenNaive,364a35a099a9b6,1,0,0,0
shantenNaive,364a35adb2199e,1,0,1,0
shantenBlind,364a36dd81168a,1,0,0,0
shantenBlind,364a358be5f4ca,1,0,0,0
shantenBlind,364a371638685a,0,0,0,0
shantenBlind,364a3747eff99e,1,0,1,0
shantenNaive,364a35adb2199e,1,0,0,0
shantenBlind,364a3747eff99e,1,1,0,0
shantenNaive,364a35a099a9b6,0,0,0,0
shantenBlind,364a371638685a,1,0,0,0
shantenBlind,364a37ce5749e2,1,1,0,0
shantenBlind,364a37ce157508,1,0,1,0
shantenNaive,364a37ce15704e,1,0,0,0
shantenBlind,364a37d131dd6c,1,1,0,0
shantenBlind,364a371638685a,1,0,0,0
shantenNaive,364a37c9b07d6e,1,0,0,0
shantenBlind,364a3747eff99e,1,0,0,0
shantenBlind,364a37ce5749e2,1,0,1,0
shantenNaive,364a35a099a9b6,1,0,0,0
shantenNaive,364a37ce15704e,1,0,0,0
shantenBlind,364a3747eff99e,1,0,0,0
shantenBlind,364a37ce157508,1,0,0,0
shantenBlind,364a37d131dd6c,1,0,1,0
shantenNaive,364a37c9b07d6e,1,0,0,0
shantenBlind,364a37ce5749e2,1,0,0,0
shantenNaive,364a37ce15704e,1,0,0,0
shantenBlind,364a371638685a,0,0,0,0
shantenBlind,364a3747eff99e,1,1,0,0
shantenBlind,364a37ce157508,1,0,1,0
shantenBlind,364a37d131dd6c,1,1,0,0
shantenNaive,364a37c9b07d6e,1,1,0,0
shantenBlind,364a37ce5749e2,1,0,0,0
shantenBlind,364a3747eff99e,1,0,0,0
shantenBlind,364a371638685a,1,0,0,0
shantenNaive,364a37ce15704e,0,0,0,0
shantenBlind,364a37ce157508,1,0,0,0
shantenNaive,364a37ce15704e,1,1,0,0
shantenBlind,364a37d131dd6c,1,0,0,0
shantenNaive,364a37c9b07d6e,1,0,0,0
shantenBlind,364a37ce157508,1,0,1,0
shantenNaive,364a37ce15704e,1,0,0,0
shantenBlind,364a371638685a,1,0,0,0
shantenNaive,364a37c9b07d6e,1,0,0,0
shantenNaive,364a37ce15704e,1,0,0,0
shantenBlind,364a37ce157508,1,0,0,0
shantenNaive,364a460f2480b2,1,0,0,0
shantenNaive,364a4610d71e2e,1,0,1,0
shantenBlind,364a463c4982f4,1,1,0,0
shantenBlind,364a464d83e74e,1,1,0,0
shantenNaive,364a460f2480b2,1,0,0,0
shantenNaive,364a46477e6e8c,1,0,0,0
shantenBlind,364a463c4982f4,1,1,0,0
shantenNaive,364a4610d71e2e,1,0,0,0
shantenNaive,364a46477e6e8c,1,0,1,0
shantenNaive,364a460f2480b2,1,0,0,0
shantenBlind,364a463c4982f4,1,0,0,0
shantenBlind,364a464d83e74e,1,0,0,0
shantenNaive,364a46477e6e8c,1,0,0,0
shantenNaive,364a4610d71e2e,1,0,1,0
shantenBlind,364a463c4982f4,1,0,0,0
shantenNaive,364a46477e6e8c,1,0,0,0
shantenNaive,364a460f2480b2,1,0,0,0
shantenNaive,364a4610d71e2e,1,0,0,0
shantenBlind,364a47898570e8,1,1,0,0
shantenBlind,364a463c4982f4,1,0,0,0
shantenNaive,364a46477e6e8c,1,0,1,0
shantenBlind,364a479bdf61a6,1,1,0,0
shantenBlind,364a47e6f5a93e,1,1,0,0
shantenNaive,364a4610d71e2e,1,0,0,0
shantenBlind,364a47df50cb00,1,1,0,0
shantenBlind,364a463c4982f4,1,0,0,0
shantenBlind,364a47898570e8,1,0,1,0
shantenBlind,364a479bdf61a6,1,0,0,0
shantenBlind,364a47e6f5a93e,1,0,0,0
shantenNaive,364a48104abfea,0,0,0,0
shantenBlind,364a47df50cb00,1,0,0,0
shantenBlind,364a47898570e8,1,0,0,0
shantenBlind,364a479bdf61a6,1,0,0,0
shantenBlind,364a463c4982f4,1,0,1,0
shantenBlind,364a47e6f5a93e,1,0,1,0
shantenBlind,364a47df50cb00,1,0,0,0
shantenBlind,364a47898570e8,1,0,0,0
shantenNaive,364a48104abfea,0,0,0,0
shantenBlind,364a47898570e8,1,0,0,0
shantenBlind,364a47e6f5a93e,1,0,0,0
shantenBlind,364a479bdf61a6,1,0,0,0
shantenNaive,364a48104abfea,1,1,0,0
shantenBlind,364a47898570e8,1,0,1,0
shantenBlind,364a47df50cb00,0,0,0,0
shantenNaive,364a48f67156f0,1,0,0,0
shantenNaive,364a49028667ac,0,0,0,0
shantenBlind,364a494192f51c,1,0,1,0
shantenNaive,364a48104abfea,0,0,0,0
shantenNaive,364a49882c5428,1,0,1,0
shantenBlind,364a47df50cb00,1,1,0,0
shantenBlind,364a47898570e8,1,0,1,0
shantenBlind,364a494192f51c,1,1,0,0
shantenNaive,364a49882c5428,1,1,0,0
shantenNaive,364a48104abfea,1,0,0,0
shantenNaive,364a48f67156f0,1,0,0,0
shantenNaive,364a49028667ac,0,0,0,0
shantenBlind,364a494192f51c,1,0,0,0
shantenNaive,364a49882c5428,1,0,0,0
shantenBlind,364a47df50cb00,1,0,0,0
shantenNaive,364a48f67156f0,1,0,1,0
shantenNaive,364a49882c5428,1,0,1,0
shantenNaive,364a49028667ac,0,0,0,0
shantenBlind,364a494192f51c,1,0,0,0
shantenNaive,364a48f67156f0,1,1,0,0
shantenBlind,364a494192f51c,1,1,0,0
shantenNaive,364a49028667ac,1,0,1,0
shantenNaive,364a48f67156f0,1,0,0,0
shantenNaive,364a49028667ac,0,0,0,0
shantenNaive,364a48f67156f0,1,0,1,0
shantenNaive,364a49028667ac,1,0,1,0
shantenBlind,364a4bb7ff156c,1,0,0,0
shantenBlind,364a4b63fc563c,1,0,0,0
shantenNaive,364a49028667ac,1,1,0,0
shantenNaive,364a4bb297ea60,1,0,0,0
shantenNaive,364a4b4d3ed930,0,0,0,0
shantenNaive,364a4bbabc286a,1,0,0,0
shantenNaive,364a49028667ac,1,0,0,0
shantenNaive,364a4bb297ea60,1,1,0,0
shantenBlind,364a4bb7ff156c,1,0,1,0
shantenBlind,364a4b63fc563c,1,0,0,0
shantenNaive,364a4b4d3ed930,1,0,0,0
shantenNaive,364a4bb297ea60,1,0,0,0
shantenBlind,364a4bb7ff156c,1,0,0,0
shantenBlind,364a4c84378c68,1,1,0,0
shantenNaive,364a4c713ddd76,1,0,0,0
shantenBlind,364a4c990dd15e,1,0,0,0
shantenNaive,364a4bbabc286a,1,0,0,0
shantenNaive,364a4bb297ea60,1,1,0,0
shantenBlind,364a4bb7ff156c,1,1,0,0
shantenNaive,364a4b4d3ed930,1,0,0,0
shantenBlind,364a4b63fc563c,1,1,0,0
shantenBlind,364a4c990dd15e,1,1,0,0
shantenBlind,364a4cdeeb9d5c,1,1,0,0
shantenBlind,364a4c84378c68,1,0,0,0
shantenNaive,364a4bbabc286a,1,0,1,0
shantenNaive,364a4bb297ea60,1,0,0,0
shantenBlind,364a4bb7ff156c,1,0,0,0
shantenNaive,364a4c713ddd76,1,1,0,0
shantenBlind,364a4cdeeb9d5c,1,0,0,0
shantenNaive,364a4b4d3ed930,1,0,0,0
shantenBlind,364a4d229771a4,1,1,0,0
shantenBlind,364a4b63fc563c,1,0,0,0
shantenBlind,364a4c990dd15e,1,0,1,0
shantenNaive,364a4d1b473cd6,1,0,1,0
shantenNaive,364a4bb297ea60,1,0,1,0
shantenBlind,364a4bb7ff156c,1,0,1,0
shantenBlind,364a4c990dd15e,1,0,1,0
shantenBlind,364a4d229771a4,1,0,1,0
shantenNaive,364a4bbabc286a,1,0,0,0
shantenBlind,364a4cdeeb9d5c,1,0,0,0
shantenNaive,364a4c713ddd76,1,0,0,0
shantenNaive,364a4d1b473cd6,1,0,0,0
shantenNaive,364a4bb297ea60,1,0,1,0
shantenNaive,364a4b4d3ed930,1,0,0,0
shantenBlind,364a4c990dd15e,1,0,0,0
shantenBlind,364a4c84378c68,0,0,0,0
shantenBlind,364a4d229771a4,1,0,0,0
shantenNaive,364a4d1b473cd6,1,0,0,0
shantenNaive,364a4b4d3ed930,1,0,0,0
shantenNaive,364a4c713ddd76,1,0,0,0
shantenBlind,364a4cdeeb9d5c,1,0,1,0
shantenNaive,364a4bbabc286a,1,0,0,0
shantenBlind,364a4d229771a4,1,0,0,0
shantenNaive,364a4c713ddd76,1,0,0,0
shantenNaive,364a4d1b473cd6,0,0,0,0
shantenBlind,364a4c84378c68,0,0,0,0
shantenBlind,364a4cdeeb9d5c,1,1,0,0
shantenNaive,364a4c713ddd76,1,0,1,0
shantenNaive,364a4bbabc286a,1,0,1,0
shantenBlind,364a4c84378c68,1,0,0,0
shantenNaive,364a4d1b473cd6,0,0,0,0
shantenBlind,364a4cdeeb9d5c,0,0,0,0
shantenNaive,364a4bbabc286a,1,0,1,0
shantenNaive,364a4d1b473cd6,1,0,1,0
shantenNaive,364a4c713ddd76,1,0,0,0
montecarlo,364a55c89e2476,0,0,0,0
shantenMCS,364a55ace57e46,1,1,0,0
shantenMCS,364a55b1fda700,1,0,0,0
montecarlo,364a55c89e2476,1,0,0,0
shantenMCS,364a55ace57e46,1,0,0,0
montecarlo,364a567feb5e3a,1,0,0,0
montecarlo,364a55c89e2476,1,0,1,0
shantenMCS,364a56694f915a,1,1,0,0
shantenMCS,364a55b1fda700,1,1,0,0
montecarlo,364a5680fbbe5c,1,0,0,0
montecarlo,364a567feb5e3a,1,0,1,0
montecarlo,364a567feb5e3a,1,0,1,0
montecarlo,364a55c89e2476,1,0,1,0
montecarlo,364a56833c0514,1,0,0,0
shantenMCS,364a55ace57e46,1,0,0,0
shantenMCS,364a56694f915a,1,0,1,0
montecarlo,364a567feb5e3a,1,0,0,0
shantenMCS,364a571e873e94,1,0,0,0
montecarlo,364a56833c0514,1,0,0,0
montecarlo,364a5680fbbe5c,1,0,1,0
shantenMCS,364a55b1fda700,1,0,1,0
shantenMCS,364a55ace57e46,1,1,0,0
montecarlo,364a55c89e2476,1,0,1,0
shantenMCS,364a55ace57e46,1,1,0,0
shantenMCS,364a56694f915a,1,0,0,0
shantenMCS,364a571e873e94,1,0,1,0
montecarlo,364a567feb5e3a,1,0,1,0
montecarlo,364a5680fbbe5c,1,0,0,0
shantenMCS,364a55b1fda700,1,0,1,0
montecarlo,364a56833c0514,0,0,0,0
shantenMCS,364a55b1fda700,1,0,0,0
montecarlo,364a57334ddfd6,0,0,0,0
montecarlo,364a5680fbbe5c,1,0,0,0
shantenMCS,364a571e873e94,1,0,0,0
montecarlo,364a567feb5e3a,1,0,0,0
shantenMCS,364a57dc72c950,1,0,0,0
shantenMCS,364a571c3d3ac6,1,0,0,0
montecarlo,364a57eb1913ba,1,0,0,0
shantenMCS,364a56694f915a,1,0,0,0
montecarlo,364a5680fbbe5c,1,0,0,0
shantenMCS,364a55b1fda700,1,0,0,0
montecarlo,364a56833c0514,1,0,0,0
shantenMCS,364a57dc72c950,1,0,0,0
montecarlo,364a57b918a6e6,1,0,1,0
montecarlo,364a57334ddfd6,1,0,0,0
montecarlo,364a567feb5e3a,0,0,0,0
shantenMCS,364a571e873e94,1,1,0,0
shantenMCS,364a571c3d3ac6,1,0,1,0
montecarlo,364a57eb1913ba,1,0,0,0
montecarlo,364a5680fbbe5c,1,0,0,0
montecarlo,364a57b918a6e6,1,1,0,0
shantenMCS,364a57dc72c950,1,0,0,0
montecarlo,364a56833c0514,1,1,0,0
shantenMCS,364a56694f915a,1,0,0,0
montecarlo,364a57334ddfd6,1,0,0,0
montecarlo,364a57eb1913ba,1,0,0,0
shantenMCS,364a571e873e94,1,0,0,0
shantenMCS,364a571c3d3ac6,1,0,1,0
montecarlo,364a57b918a6e6,1,0,0,0
montecarlo,364a57eb1913ba,1,0,0,0
shantenMCS,364a57dc72c950,1,0,0,0
montecarlo,364a57334ddfd6,1,1,0,0
montecarlo,364a5680fbbe5c,0,0,0,0
montecarlo,364a57b918a6e6,1,0,1,0
shantenMCS,364a571c3d3ac6,1,0,0,0
shantenMCS,364a57dc72c950,1,0,0,0
montecarlo,364a57334ddfd6,1,0,0,0
montecarlo,364a57b918a6e6,1,0,0,0
shantenMCS,364a57dc72c950,1,0,1,0
shantenMCS,364a57dc72c950,1,0,0,0
montecarlo,364a5f528f080e,1,0,0,0
montecarlo,364a5f514fa7c6,1,0,0,0
shantenMCS,364a5f47985676,1,0,0,0
montecarlo,364a5f5366c652,1,0,0,0
montecarlo,364a5f528f080e,1,0,0,0
montecarlo,364a5f5366c652,1,0,0,0
shantenMCS,364a5f47985676,1,0,0,0
montecarlo,364a5f514fa7c6,1,1,0,0
montecarlo,364a5f528f080e,1,0,0,0
montecarlo,364a5f5366c652,1,0,0,0
montecarlo,364a5f514fa7c6,1,0,1,0
shantenMCS,364a5f47985676,1,0,0,0
montecarlo,364a5f5366c652,1,0,0,0
montecarlo,364a5f528f080e,1,0,1,0
montecarlo,364a60ec10659e,1,0,1,0
montecarlo,364a5f5366c652,1,1,0,0
montecarlo,364a5f514fa7c6,1,0,0,0
shantenMCS,364a5f47985676,1,0,0,0
montecarlo,364a60f1c7a2cc,0,0,0,0
montecarlo,364a60ec10659e,1,0,1,0
montecarlo,364a60eb33f354,1,1,0,0
montecarlo,364a5f528f080e,0,0,0,0
montecarlo,364a5f5366c652,1,0,1,0
montecarlo,364a60eb33f354,1,0,0,0
montecarlo,364a60f1c7a2cc,1,0,0,0
shantenMCS,364a5f47985676,1,0,0,0
shantenMCS,364a5f47985676,1,1,0,0
montecarlo,364a5f528f080e,1,0,0,0
montecarlo,364a60eb33f354,1,0,0,0
montecarlo,364a60f1c7a2cc,1,0,0,0
montecarlo,364a60eb33f354,1,0,0,0
shantenMCS,364a5f47985676,1,0,0,0
montecarlo,364a60f1c7a2cc,1,0,0,0
montecarlo,364a60eb33f354,0,0,0,0
shantenMCS,364a5f47985676,1,0,0,0
montecarlo,364a60eb33f354,1,0,1,0
montecarlo,364a60f1c7a2cc,1,0,0,0
montecarlo,364a637c8122d0,1,0,0,0
montecarlo,364a637c8122d0,1,0,0,0
shantenMCS,364a637abf6e8a,1,0,0,0
montecarlo,364a637aa943de,1,0,0,0
montecarlo,364a637c8122d0,1,0,0,0
montecarlo,364a637c8122d0,1,1,0,0
shantenMCS,364a63efbecd5e,1,0,0,0
montecarlo,364a639dcaccf0,0,0,0,0
shantenMCS,364a637abf6e8a,1,0,1,0
montecarlo,364a637c8122d0,1,1,0,0
montecarlo,364a639dcaccf0,1,0,1,0
montecarlo,364a639dcaccf0,0,0,0,0
shantenMCS,364a63efbecd5e,1,0,0,0
montecarlo,364a637c8122d0,1,0,1,0
montecarlo,364a637aa943de,0,0,0,0
shantenMCS,364a637abf6e8a,1,0,0,0
montecarlo,364a639dcaccf0,1,0,1,0
shantenMCS,364a63efbecd5e,1,0,0,0
shantenMCS,364a637abf6e8a,1,0,0,0
montecarlo,364a639dcaccf0,1,1,0,0
montecarlo,364a637aa943de,1,1,0,0
montecarlo,364a639dcaccf0,1,0,0,0
montecarlo,364a637aa943de,1,0,0,0
shantenMCS,364a63efbecd5e,0,0,0,0
shantenMCS,364a665ea35cb0,1,0,1,0
shantenMCS,364a66588d87d8,1,0,1,0
shantenMCS,364a66588d87d8,0,0,0,0
shantenMCS,364a66588d87d8,1,0,1,0
montecarlo,364a6699f20fbe,1,0,0,0
shantenMCS,364a6655849202,1,0,1,0
shantenMCS,364a665ea35cb0,1,0,1,0
montecarlo,364a6699f20fbe,1,0,0,0
shantenMCS,364a66588d87d8,1,0,0,0
shantenMCS,364a665ea35cb0,1,1,0,0
shantenMCS,364a6655849202,1,0,0,0
montecarlo,364a6699f20fbe,1,1,0,0
shantenMCS,364a66588d87d8,1,0,0,0
shantenMCS,364a6655849202,1,0,0,0
shantenMCS,364a665ea35cb0,1,0,1,0
montecarlo,364a6699f20fbe,1,0,0,0
shantenMCS,364a6655849202,1,0,0,0
shantenMCS,364a665ea35cb0,1,0,0,0
montecarlo,364a6699f20fbe,1,0,0,0
montecarlo,364a6699f20fbe,1,1,0,0
shantenMCS,364a70e17bbe46,1,0,1,0
shantenMCS,364a71035acd68,1,1,0,0
shantenMCS,364a70fd0ca322,1,0,1,0
shantenMCS,364a70e17bbe46,1,0,1,0
shantenMCS,364a71035acd68,1,0,0,0
montecarlo,364a70f136dc3c,1,0,1,0
shantenMCS,364a70fd0ca322,1,0,0,0
montecarlo,364a713029305c,1,0,1,0
shantenMCS,364a70e17bbe46,1,0,0,0
montecarlo,364a70f136dc3c,1,0,0,0
shantenMCS,364a70fd0ca322,1,0,0,0
shantenMCS,364a71035acd68,1,0,0,0
shantenMCS,364a70e17bbe46,1,0,0,0
montecarlo,364a713029305c,1,0,0,0
montecarlo,364a70f136dc3c,1,1,0,0
shantenMCS,364a71035acd68,1,0,0,0
montecarlo,364a713029305c,1,0,0,0
montecarlo,364a70f136dc3c,1,0,0,0
montecarlo,364a713029305c,1,1,0,0
shantenMCS,364a71035acd68,1,1,0,0
montecarlo,364a713029305c,1,0,1,0
montecarlo,364a73daa1321e,1,0,0,0
shantenMCS,364a71035acd68,0,0,0,0
shantenMCS,364a73bf0e6880,1,1,0,0
montecarlo,364a73cf8bd620,1,0,0,0
montecarlo,364a713029305c,1,0,1,0
shantenMCS,364a71035acd68,1,0,0,0
montecarlo,364a73daa1321e,1,0,0,0
shantenMCS,364a73df89f900,1,0,0,0
shantenMCS,364a73bf0e6880,1,0,1,0
montecarlo,364a73cf8bd620,1,0,0,0
shantenMCS,364a73bf0e6880,0,0,0,0
shantenMCS,364a73ed246c56,0,0,0,0
montecarlo,364a73cf8bd620,1,0,1,0
montecarlo,364a73daa1321e,1,0,1,0
montecarlo,364a713029305c,0,0,0,0
shantenMCS,364a73df89f900,1,0,0,0
shantenMCS,364a73bf0e6880,1,0,0,0
shantenMCS,364a73ed246c56,1,0,0,0
montecarlo,364a73cf8bd620,1,0,1,0
shantenMCS,364a73df89f900,1,0,0,0
montecarlo,364a73daa1321e,1,0,0,0
montecarlo,364a73cf8bd620,1,0,1,0
shantenMCS,364a73bf0e6880,0,0,0,0
shantenMCS,364a73ed246c56,1,0,0,0
montecarlo,364a73cf8bd620,1,0,0,0
shantenMCS,364a73ed246c56,0,0,0,0
shantenMCS,364a73ed246c56,0,0,0,0
montecarlo,364a73daa1321e,1,0,0,0
shantenMCS,364a73df89f900,1,0,0,0
shantenMCS,364a73ed246c56,1,1,0,0
montecarlo,364a73cf8bd620,1,0,0,0
montecarlo,364a73daa1321e,1,0,1,0
shantenMCS,364a73bf0e6880,0,0,0,0
shantenMCS,364a73df89f900,1,0,0,0
shantenMCS,364a73ed246c56,1,0,1,0
shantenMCS,364a73bf0e6880,1,0,1,0
montecarlo,364a7af0699736,0,0,0,0
shantenMCS,364a7ae462f842,0,0,0,0
shantenMCS,364a7ae3a0faa0,1,0,1,0
montecarlo,364a7aead59bda,1,0,0,0
montecarlo,364a7af6d7f766,1,0,0,0
montecarlo,364a7aead59bda,1,0,0,0
montecarlo,364a7af6d7f766,1,0,0,0
shantenMCS,364a7ae3a0faa0,1,0,0,0
montecarlo,364a7af0699736,0,0,0,0
shantenMCS,364a7ae462f842,0,0,0,0
montecarlo,364a7af6d7f766,1,0,1,0
montecarlo,364a7aead59bda,0,0,0,0
montecarlo,364a7af6d7f766,1,0,1,0
shantenMCS,364a7ae3a0faa0,1,1,0,0
montecarlo,364a7aead59bda,1,0,1,0
montecarlo,364a7af0699736,1,0,0,0
shantenMCS,364a7ae462f842,1,0,1,0
montecarlo,364a7af6d7f766,0,0,0,0
montecarlo,364a7af0699736,1,0,0,0
montecarlo,364a7aead59bda,1,0,1,0
montecarlo,364a7af6d7f766,1,1,0,0
shantenMCS,364a7ae3a0faa0,1,0,0,0
montecarlo,364a7af6d7f766,1,1,0,0
montecarlo,364a7af0699736,1,0,0,0
shantenMCS,364a7ae462f842,0,0,0,0
montecarlo,364a7af0699736,1,0,0,0
montecarlo,364a7af6d7f766,0,0,0,0
shantenMCS,364a7ae462f842,1,0,0,0
montecarlo,364a7aead59bda,1,0,1,0
montecarlo,364a7aead59bda,1,0,1,0
shantenMCS,364a7ae3a0faa0,0,0,0,0
montecarlo,364a7af6d7f766,1,0,1,0
shantenMCS,364a7ae462f842,1,0,0,0
montecarlo,364a7aead59bda,0,0,0,0
montecarlo,364a809fb248b4,1,0,0,0
shantenMCS,364a80b92f1808,1,0,1,0
shantenMCS,364a809d818780,1,0,0,0
montecarlo,364a809fb248b4,1,0,1,0
shantenMCS,364a809d818780,1,1,0,0
shantenMCS,364a80a1ebd62c,1,0,1,0
shantenMCS,364a80abfa7d58,1,0,0,0
shantenMCS,364a80b92f1808,1,0,1,0
montecarlo,364a809fb248b4,1,0,0,0
shantenMCS,364a809d818780,1,0,0,0
shantenMCS,364a80abfa7d58,1,0,0,0
shantenMCS,364a80a1ebd62c,1,0,0,0
montecarlo,364a809fb248b4,1,0,1,0
shantenMCS,364a80b92f1808,1,0,0,0
shantenMCS,364a809d818780,1,1,0,0
shantenMCS,364a80a1ebd62c,1,0,1,0
montecarlo,364a82094fcec6,1,0,0,0
shantenMCS,364a80b92f1808,1,0,0,0
shantenMCS,364a80abfa7d58,1,0,1,0
shantenMCS,364a80abfa7d58,1,0,1,0
montecarlo,364a8209354092,1,0,0,0
shantenMCS,364a820fa63dfa,1,1,0,0
montecarlo,364a8209bbbddc,1,0,0,0
shantenMCS,364a80a1ebd62c,1,1,0,0
shantenMCS,364a809d818780,0,0,0,0
montecarlo,364a82106b0676,1,0,0,0
shantenMCS,364a80abfa7d58,1,1,0,0
montecarlo,364a82094fcec6,1,0,0,0
shantenMCS,364a809d818780,1,0,1,0
shantenMCS,364a80b92f1808,1,0,1,0
shantenMCS,364a820fa63dfa,1,0,0,0
montecarlo,364a8209bbbddc,1,1,0,0
shantenMCS,364a809d818780,1,0,0,0
montecarlo,364a82106b0676,1,0,0,0
montecarlo,364a82094fcec6,1,0,0,0
montecarlo,364a8209354092,1,0,1,0
shantenMCS,364a80abfa7d58,1,0,0,0
montecarlo,364a82106b0676,1,0,0,0
shantenMCS,364a820fa63dfa,1,0,0,0
montecarlo,364a82094fcec6,1,0,0,0
montecarlo,364a8209354092,1,0,0,0
montecarlo,364a837a8ac0a4,1,0,1,0
montecarlo,364a82106b0676,1,1,0,0
montecarlo,364a8209bbbddc,1,0,1,0
montecarlo,364a83c309a642,1,0,0,0
montecarlo,364a837a8ac0a4,1,0,0,0
montecarlo,364a8386aaf1ce,1,0,1,0
montecarlo,364a8209354092,1,0,0,0
shantenMCS,364a83847c30d4,1,0,0,0
shantenMCS,364a83aac3c99e,1,0,0,0
montecarlo,364a82106b0676,1,0,1,0
montecarlo,364a837a8ac0a4,1,0,0,0
montecarlo,364a8386aaf1ce,1,0,1,0
montecarlo,364a8386aaf1ce,1,0,1,0
shantenMCS,364a83847c30d4,1,0,0,0
montecarlo,364a83c309a642,0,0,0,0
montecarlo,364a83c309a642,1,1,0,0
shantenMCS,364a83aac3c99e,1,0,0,0
montecarlo,364a837a8ac0a4,1,1,0,0
montecarlo,364a837a8ac0a4,1,0,0,0
shantenMCS,364a83aac3c99e,1,0,1,0
montecarlo,364a83c309a642,1,0,0,0
shantenMCS,364a83847c30d4,0,0,0,0
shantenMCS,364a83aac3c99e,1,1,0,0
montecarlo,364a83c309a642,1,1,0,0
shantenMCS,364a83847c30d4,1,0,0,0
shantenMCS,364a83aac3c99e,1,0,1,0
shantenMCS,364a83aac3c99e,1,0,0,0
